id,first_name,last_name,email_id,gender,contact_num,dob,type
1,Corney,Shama,cshama0@123-reg.co.uk,Male,838-509-2385,06/01/1973,Doctor
2,Fedora,Hollebon,fhollebon1@ow.ly,Female,234-746-6566,7/29/1974,Assistant
3,Ricki,Kamena,rkamena2@sogou.com,Female,478-936-4774,3/21/1961,Doctor
4,Susann,Bascomb,sbascomb3@webs.com,Female,845-620-7276,11/11/1982,Assistant
5,Jeremy,Layborn,jlayborn4@umn.edu,Male,999-588-1511,07/03/1999,Patient
6,Kayley,Lapre,klapre5@archive.org,Female,732-682-8865,07/04/1991,Doctor
7,Ruthy,MacDougal,rmacdougal6@time.com,Female,257-855-5010,9/22/1985,Doctor
8,Ania,Wolfindale,awolfindale7@unc.edu,Female,773-236-5037,05/07/1996,Assistant
9,Garvey,Heeley,gheeley8@merriam-webster.com,Male,882-988-3072,08/07/1968,Doctor
10,Kimmi,Peakman,kpeakman9@google.de,Female,821-311-1117,4/18/1961,Patient
11,Georgeanne,Pietz,gpietza@dmoz.org,Female,892-438-9300,8/19/1973,Assistant
12,Emily,Henrych,ehenrychb@liveinternet.ru,Female,389-590-8300,7/13/1991,Patient
13,Vittorio,Marin,vmarinc@com.com,Male,554-682-8677,9/16/1964,Assistant
14,Zabrina,Skeete,zskeeted@weather.com,Female,464-373-2861,12/17/1975,Doctor
15,Nell,Bownd,nbownde@washington.edu,Female,646-692-8653,5/14/1986,Patient
16,Daryl,Wadforth,dwadforthf@comcast.net,Female,369-724-9405,1/29/1961,Doctor
17,Hakim,Gabbatiss,hgabbatissg@arstechnica.com,Male,561-574-7466,12/22/1995,Doctor
18,Lonnie,Garford,lgarfordh@hugedomains.com,Male,165-452-8689,3/28/1967,Doctor
19,Mattheus,Crusham,mcrushami@gizmodo.com,Male,851-122-7877,9/16/1997,Assistant
20,Katrina,Cranke,kcrankej@princeton.edu,Female,185-585-3927,12/09/1996,Patient
21,Maryjo,Brooksby,mbrooksbyk@ucsd.edu,Female,561-389-9997,1/18/1973,Assistant
22,Blithe,Dyerson,bdyersonl@youtu.be,Female,928-938-0032,04/07/1983,Patient
23,Jephthah,Meuse,jmeusem@howstuffworks.com,Male,505-553-0525,3/21/1999,Doctor
24,Weider,Pruckner,wprucknern@domainmarket.com,Male,723-279-0029,4/28/1963,Assistant
25,Miner,Guion,mguiono@imdb.com,Male,419-279-9381,3/23/1987,Patient
26,Rolf,Spurnier,rspurnierp@themeforest.net,Male,451-831-1040,11/21/1987,Doctor
27,Celeste,Itzak,citzakq@parallels.com,Female,612-121-6054,4/14/1978,Doctor
28,Lynnett,Osmant,losmantr@a8.net,Female,979-575-0413,05/07/1976,Doctor
29,Alva,Bever,abevers@domainmarket.com,Male,636-759-9768,8/29/1979,Doctor
30,Arch,Quant,aquantt@mlb.com,Male,720-445-7385,12/22/1995,Doctor
31,Hermine,Freeth,hfreethu@wiley.com,Female,472-719-4271,11/20/1984,Doctor
32,Dory,Redihough,dredihoughv@slate.com,Female,993-935-7424,7/22/1981,Doctor
33,Rolando,Haversham,rhavershamw@printfriendly.com,Male,876-539-3857,3/20/1963,Patient
34,Lorie,Benedict,lbenedictx@livejournal.com,Female,508-681-5778,01/03/1966,Doctor
35,Earl,Stert,esterty@nydailynews.com,Male,618-294-9926,12/29/1995,Doctor
36,Maryrose,Yashnov,myashnovz@geocities.com,Female,892-820-4094,10/05/1999,Doctor
37,Celinda,Shillington,cshillington10@sitemeter.com,Female,533-755-5989,4/26/1991,Doctor
38,Debra,Hatley,dhatley11@prweb.com,Female,280-772-8783,06/02/1988,Doctor
39,Creighton,Sutlieff,csutlieff12@opensource.org,Male,340-821-8348,11/20/1966,Patient
40,Ravid,Abrahamson,rabrahamson13@acquirethisname.com,Male,721-653-7566,08/05/1972,Patient
41,Erhart,Dauncey,edauncey14@cyberchimps.com,Male,568-358-7962,1/14/1968,Doctor
42,Jayne,Arrighetti,jarrighetti15@nature.com,Female,216-402-4080,03/02/1965,Assistant
43,Kati,Crabb,kcrabb16@ning.com,Female,586-926-5974,2/15/1991,Doctor
44,Lane,Chatenet,lchatenet17@edublogs.org,Female,726-500-5906,10/25/1995,Patient
45,Brandie,Indruch,bindruch18@msn.com,Female,134-909-9913,9/16/1985,Doctor
46,Rodolphe,Andino,randino19@noaa.gov,Male,677-258-1482,3/26/1986,Doctor
47,Eimile,Downe,edowne1a@cnet.com,Female,147-701-4445,03/02/2000,Assistant
48,Carley,Brunner,cbrunner1b@theglobeandmail.com,Female,578-100-6761,10/15/1975,Patient
49,Rick,Drennan,rdrennan1c@yelp.com,Male,221-728-4028,7/27/1984,Assistant
50,Therese,Ruit,truit1d@jigsy.com,Female,899-964-2507,03/02/1997,Patient
51,Noelle,Flecknell,nflecknell1e@behance.net,Female,272-226-9176,07/09/1994,Patient
52,Dania,Stennes,dstennes1f@prweb.com,Female,865-789-3441,2/21/1975,Doctor
53,Janeczka,Johann,jjohann1g@craigslist.org,Female,360-156-8149,12/25/1960,Patient
54,Alano,Pulham,apulham1h@springer.com,Male,273-429-1724,12/26/1965,Patient
55,Margalo,Lye,mlye1i@chicagotribune.com,Female,625-629-5793,3/16/1988,Assistant
56,Beale,Gasking,bgasking1j@answers.com,Male,636-593-2332,09/02/1983,Assistant
57,Kristos,Robbins,krobbins1k@linkedin.com,Male,295-470-9513,10/03/1994,Assistant
58,Brooke,McAlinion,bmcalinion1l@psu.edu,Male,414-566-4015,8/25/1973,Patient
59,Patty,Claypool,pclaypool1m@latimes.com,Female,443-701-8756,1/26/1965,Patient
60,Dougy,Wones,dwones1n@hexun.com,Male,379-212-2092,10/14/1994,Patient
61,Nero,Lindbergh,nlindbergh1o@a8.net,Male,611-187-5250,03/06/1975,Patient
62,Montague,Conkey,mconkey1p@cnet.com,Male,884-563-0377,09/09/1982,Assistant
63,Cliff,Ackers,cackers1q@studiopress.com,Male,906-613-5140,05/07/1965,Doctor
64,Hewett,Clemendot,hclemendot1r@vkontakte.ru,Male,511-870-2135,2/24/1981,Assistant
65,Winonah,Snaith,wsnaith1s@engadget.com,Female,948-384-3896,09/09/1967,Doctor
66,Easter,Ranscomb,eranscomb1t@pen.io,Female,760-704-8316,6/28/1986,Patient
67,Latrena,Giannini,lgiannini1u@tuttocitta.it,Female,541-944-3549,06/03/1981,Doctor
68,Terrie,Leist,tleist1v@accuweather.com,Female,652-499-4772,9/20/1963,Assistant
69,Georgianne,Brixey,gbrixey1w@cloudflare.com,Female,310-399-9771,9/14/1984,Patient
70,Nathanial,Clevely,nclevely1x@usatoday.com,Male,267-706-2159,01/10/1972,Patient
71,Odele,Freed,ofreed1y@phoca.cz,Female,962-856-1737,04/06/1963,Patient
72,Kenton,Dilks,kdilks1z@marketwatch.com,Male,212-834-1339,2/14/1978,Assistant
73,Gaultiero,Polgreen,gpolgreen20@tinypic.com,Male,208-382-1757,10/31/1990,Doctor
74,Abbe,Southam,asoutham21@acquirethisname.com,Male,894-131-1345,4/21/1989,Patient
75,Homere,Darrington,hdarrington22@free.fr,Male,792-138-7996,01/03/1985,Patient
76,Fanechka,Cowins,fcowins23@craigslist.org,Female,281-165-1140,5/28/1992,Assistant
77,Gawain,Joderli,gjoderli24@cnet.com,Male,171-819-0661,12/19/1995,Doctor
78,Wolfgang,Biagini,wbiagini25@mashable.com,Male,495-638-7174,12/16/1966,Patient
79,Raeann,Wapol,rwapol26@buzzfeed.com,Female,923-500-7456,4/24/1965,Assistant
80,Rodina,Bradman,rbradman27@prweb.com,Female,654-727-4999,12/23/1994,Doctor
81,Hieronymus,Greim,hgreim28@baidu.com,Male,645-444-7405,10/25/1986,Patient
82,Chuck,Domingues,cdomingues29@phoca.cz,Male,949-189-3367,07/01/2000,Patient
83,Minda,Orriss,morriss2a@jugem.jp,Female,327-757-2649,4/14/1969,Assistant
84,Emery,Borland,eborland2b@hatena.ne.jp,Male,457-143-7999,06/04/1973,Assistant
85,Maxim,Plitz,mplitz2c@tumblr.com,Male,329-644-0784,12/22/1975,Doctor
86,Kamila,Goodday,kgoodday2d@omniture.com,Female,576-913-7186,09/08/1968,Doctor
87,Querida,Broadis,qbroadis2e@japanpost.jp,Female,238-607-4265,8/31/1991,Doctor
88,Afton,Raatz,araatz2f@tinypic.com,Female,551-187-5750,11/22/1983,Assistant
89,Huey,Novakovic,hnovakovic2g@pcworld.com,Male,180-331-6056,02/08/1965,Assistant
90,Gale,Girardey,ggirardey2h@ucoz.com,Male,135-329-3031,1/29/1986,Assistant
91,Allen,Braunstein,abraunstein2i@imageshack.us,Male,942-492-6656,10/21/1969,Patient
92,Benedick,Scarlet,bscarlet2j@newsvine.com,Male,291-743-7533,04/05/1980,Patient
93,Betsy,Garrigan,bgarrigan2k@macromedia.com,Female,335-472-4833,5/29/1961,Assistant
94,Buddie,Vaudin,bvaudin2l@reddit.com,Male,497-538-6207,6/20/1980,Patient
95,Niki,Maine,nmaine2m@alexa.com,Female,758-556-1701,8/14/1993,Doctor
96,Devina,Flageul,dflageul2n@smh.com.au,Female,193-464-9673,06/12/1996,Patient
97,Ragnar,Gritland,rgritland2o@fastcompany.com,Male,379-998-6906,6/21/1981,Assistant
98,Yolanda,Giacobini,ygiacobini2p@google.co.jp,Female,205-281-4151,11/20/1994,Doctor
99,Vernice,Dobrowolski,vdobrowolski2q@bigcartel.com,Female,407-359-0291,8/13/1997,Assistant
100,Brewster,Mongan,bmongan2r@bandcamp.com,Male,641-492-5649,12/08/1963,Assistant
101,Franky,Steynor,fsteynor2s@ovh.net,Female,736-558-9437,9/15/1961,Patient
102,Bess,Costellow,bcostellow2t@ted.com,Female,599-135-8099,12/02/1989,Patient
103,Konstantine,Burling,kburling2u@patch.com,Male,284-328-3363,6/24/1999,Patient
104,Aarika,Featley,afeatley2v@wordpress.com,Female,701-457-8859,3/24/1965,Doctor
105,Ambrose,Sagg,asagg2w@mail.ru,Male,314-947-1692,03/04/1970,Assistant
106,Rockey,Nelmes,rnelmes2x@example.com,Male,375-197-9732,1/22/1967,Doctor
107,Lilas,Foakes,lfoakes2y@wordpress.org,Female,442-913-1209,2/26/1983,Assistant
108,Petronia,Muris,pmuris2z@drupal.org,Female,339-541-0820,9/13/1964,Assistant
109,Helaine,Chaddock,hchaddock30@dailymotion.com,Female,460-549-2541,4/20/1964,Assistant
110,Amelita,Kordovani,akordovani31@example.com,Female,678-196-1492,10/01/1985,Doctor
111,Derick,Shallo,dshallo32@slashdot.org,Male,661-136-1447,10/24/1968,Doctor
112,Viva,Muffett,vmuffett33@ed.gov,Female,535-157-1941,08/05/1989,Assistant
113,Thoma,Benne,tbenne34@ycombinator.com,Male,433-495-1053,01/01/1964,Doctor
114,Christos,Tebboth,ctebboth35@mediafire.com,Male,263-418-7389,09/05/1993,Assistant
115,Sigvard,Flintiff,sflintiff36@pagesperso-orange.fr,Male,330-553-1768,6/27/1991,Doctor
116,Bee,Humphrys,bhumphrys37@bravesites.com,Female,346-513-0583,11/03/1972,Doctor
117,Titus,Goundrill,tgoundrill38@house.gov,Male,344-786-6044,3/19/1990,Doctor
118,Vitia,Dadds,vdadds39@jiathis.com,Female,491-145-0853,9/29/1990,Patient
119,Essie,Haquin,ehaquin3a@foxnews.com,Female,788-745-8430,2/28/1993,Patient
120,Eamon,Deeth,edeeth3b@yahoo.com,Male,614-410-8413,11/26/1975,Assistant
121,Isa,Ambler,iambler3c@ox.ac.uk,Female,734-188-6628,03/10/1988,Patient
122,Wait,Weatherburn,wweatherburn3d@google.com.hk,Male,990-801-1007,9/30/1992,Doctor
123,Morgan,Packe,mpacke3e@ted.com,Male,475-443-5207,6/19/1981,Patient
124,Kaylee,Oldall,koldall3f@last.fm,Female,148-308-1420,6/22/1998,Doctor
125,Stella,Chaunce,schaunce3g@eventbrite.com,Female,942-741-5664,07/09/1969,Doctor
126,Sauveur,Henmarsh,shenmarsh3h@zimbio.com,Male,752-653-7220,1/29/1979,Patient
127,Isa,Ketteman,iketteman3i@youku.com,Female,318-524-4590,06/01/1982,Doctor
128,Eleonore,Gooder,egooder3j@cbslocal.com,Female,248-440-4999,07/07/1994,Doctor
129,Celia,Algore,calgore3k@ow.ly,Female,327-614-9267,9/18/1989,Assistant
130,Ola,Wank,owank3l@nydailynews.com,Female,886-609-2440,2/16/1987,Patient
131,Burnaby,Gettings,bgettings3m@cloudflare.com,Male,933-524-5444,2/22/1963,Assistant
132,Colline,Soppit,csoppit3n@hc360.com,Female,134-992-6917,12/02/1993,Assistant
133,Lambert,Bissell,lbissell3o@nps.gov,Male,624-216-8312,8/30/1989,Doctor
134,Chelsey,Vallintine,cvallintine3p@illinois.edu,Female,839-801-6424,1/15/1972,Doctor
135,Kirk,Jenkyn,kjenkyn3q@uol.com.br,Male,217-184-4320,11/08/1970,Assistant
136,Janeczka,Paddeley,jpaddeley3r@devhub.com,Female,894-238-6681,9/28/1970,Assistant
137,Lucio,Longthorn,llongthorn3s@arizona.edu,Male,520-673-6286,3/19/1972,Patient
138,Egon,O'Sheerin,eosheerin3t@google.ca,Male,222-778-0403,12/07/1992,Patient
139,Davidde,Jarritt,djarritt3u@trellian.com,Male,993-120-5451,5/18/1989,Patient
140,Jennilee,Joney,jjoney3v@freewebs.com,Female,773-450-4901,6/21/2000,Patient
141,Letty,Lunam,llunam3w@linkedin.com,Female,254-690-7825,6/22/1967,Assistant
142,Chad,Cleave,ccleave3x@opensource.org,Male,167-229-3845,5/18/1972,Patient
143,Errol,Keizman,ekeizman3y@liveinternet.ru,Male,506-535-6902,3/18/1985,Assistant
144,Weider,Hooks,whooks3z@miitbeian.gov.cn,Male,221-482-8967,06/03/1992,Doctor
145,Nettie,Taynton,ntaynton40@wikimedia.org,Female,339-815-3613,4/18/1989,Assistant
146,Niel,Stirman,nstirman41@gov.uk,Male,453-115-9672,04/12/1986,Patient
147,Iolande,Meachem,imeachem42@loc.gov,Female,811-775-1256,02/04/1985,Assistant
148,Adele,Kempshall,akempshall43@spotify.com,Female,425-518-7751,11/07/1961,Doctor
149,Tammy,Coales,tcoales44@illinois.edu,Female,707-304-0608,6/17/1995,Patient
150,Shadow,Hughes,shughes45@bloglines.com,Male,291-985-4347,01/11/1987,Patient
151,Ritchie,Nazair,rnazair46@thetimes.co.uk,Male,175-307-8153,3/26/1995,Doctor
152,Elbertina,Rhymer,erhymer47@reddit.com,Female,273-342-2088,11/21/1976,Assistant
153,Gibb,Pickthorn,gpickthorn48@home.pl,Male,518-705-7077,4/22/1990,Doctor
154,Catlee,Flatte,cflatte49@ucoz.ru,Female,907-770-9354,12/26/1991,Doctor
155,Stan,Lepere,slepere4a@cisco.com,Male,714-467-9092,08/06/1981,Doctor
156,Thurstan,Saltwell,tsaltwell4b@1und1.de,Male,213-732-0219,7/30/1976,Assistant
157,Florrie,De Paoli,fdepaoli4c@a8.net,Female,975-564-8938,02/06/1968,Assistant
158,Mallory,Tubridy,mtubridy4d@dot.gov,Male,133-664-5503,4/30/1973,Patient
159,Freddy,MacNeachtain,fmacneachtain4e@comcast.net,Male,415-759-1463,8/17/1988,Doctor
160,Ebeneser,Inmett,einmett4f@usa.gov,Male,490-441-8746,07/12/1982,Patient
161,Erroll,Pepis,epepis4g@google.pl,Male,211-138-4579,04/05/1996,Doctor
162,Dela,Bambrick,dbambrick4h@booking.com,Female,575-328-1825,9/22/1991,Assistant
163,Ardella,Parnby,aparnby4i@utexas.edu,Female,892-440-2225,1/20/1966,Doctor
164,Irwinn,Wadham,iwadham4j@yahoo.com,Male,802-251-6637,01/07/1980,Doctor
165,Quintana,Gerish,qgerish4k@webmd.com,Female,905-260-9496,7/14/1961,Assistant
166,Katrinka,Hounsham,khounsham4l@unblog.fr,Female,686-400-4750,1/31/1964,Doctor
167,Wayne,Boness,wboness4m@sphinn.com,Male,363-190-5412,8/21/1990,Doctor
168,Ellie,Gullberg,egullberg4n@washington.edu,Female,598-228-2369,8/27/1965,Assistant
169,Dov,Armell,darmell4o@nba.com,Male,642-160-2500,4/13/1977,Doctor
170,Gaspard,O'Shavlan,goshavlan4p@nationalgeographic.com,Male,718-749-9873,05/08/2000,Doctor
171,Kristin,Heintsch,kheintsch4q@twitpic.com,Female,121-567-9028,1/29/1974,Doctor
172,Nicoli,Peckham,npeckham4r@delicious.com,Female,403-911-1962,01/10/1989,Doctor
173,Pete,Crankhorn,pcrankhorn4s@discuz.net,Male,330-950-9878,11/01/1987,Patient
174,Baxy,Rennison,brennison4t@cmu.edu,Male,392-421-3335,6/16/1968,Doctor
175,Vincenz,Dew,vdew4u@trellian.com,Male,826-529-3165,3/28/1997,Patient
176,Felita,Pepall,fpepall4v@facebook.com,Female,775-699-0217,9/27/1967,Patient
177,Steven,Goble,sgoble4w@t-online.de,Male,968-147-9614,01/08/1998,Assistant
178,Roldan,Ronan,rronan4x@webeden.co.uk,Male,827-860-8256,01/01/1970,Assistant
179,Morganne,Beazley,mbeazley4y@sun.com,Female,225-812-4009,9/21/1985,Doctor
180,Prentiss,Twyning,ptwyning4z@tinypic.com,Male,862-341-2428,12/19/1991,Patient
181,Winnifred,Henderson,whenderson50@mashable.com,Female,628-265-1756,4/15/1989,Assistant
182,Mar,Belsher,mbelsher51@boston.com,Male,350-479-7711,03/02/1995,Assistant
183,Bordy,Claris,bclaris52@prnewswire.com,Male,821-938-4505,7/25/1966,Patient
184,Elayne,Stansbie,estansbie53@usatoday.com,Female,107-618-7585,04/02/1972,Assistant
185,Cece,Bartolijn,cbartolijn54@harvard.edu,Male,633-876-2170,8/20/1997,Assistant
186,Lammond,Fend,lfend55@nsw.gov.au,Male,468-575-6528,04/06/1967,Patient
187,Moreen,Seer,mseer56@shutterfly.com,Female,303-170-1556,7/29/1996,Assistant
188,Lovell,Rowly,lrowly57@icio.us,Male,467-858-6061,01/11/1991,Assistant
189,Rutter,Melwall,rmelwall58@amazon.com,Male,653-357-9572,8/21/1982,Doctor
190,Millard,Stockdale,mstockdale59@gmpg.org,Male,504-585-2161,9/25/1975,Doctor
191,Frank,Janz,fjanz5a@imageshack.us,Female,178-877-1564,1/20/1963,Assistant
192,Donelle,Dulake,ddulake5b@sun.com,Female,466-702-6060,11/14/1962,Assistant
193,Albertine,Phillis,aphillis5c@japanpost.jp,Female,142-778-4035,1/22/1967,Doctor
194,Franny,Faraday,ffaraday5d@nsw.gov.au,Female,959-508-1747,03/07/1976,Patient
195,Lulita,Beatson,lbeatson5e@dailymotion.com,Female,487-510-4751,08/05/1967,Patient
196,Eduardo,Poznanski,epoznanski5f@dyndns.org,Male,375-946-9246,11/17/1991,Doctor
197,Patsy,Espinazo,pespinazo5g@buzzfeed.com,Female,871-344-5501,10/03/1987,Doctor
198,Morey,Kayley,mkayley5h@oracle.com,Male,653-325-8411,4/27/1965,Patient
199,Earvin,Glason,eglason5i@cbsnews.com,Male,854-419-7709,01/01/1964,Assistant
200,Robinet,Colquit,rcolquit5j@icq.com,Female,929-542-7421,12/27/1976,Patient
201,Deny,Kleinert,dkleinert5k@i2i.jp,Female,726-392-9441,8/18/1996,Patient
202,Sydelle,Gives,sgives5l@google.co.uk,Female,599-941-6284,09/10/1985,Assistant
203,Elliott,Orniz,eorniz5m@squarespace.com,Male,917-705-9713,04/11/1964,Patient
204,Mollee,Telega,mtelega5n@tuttocitta.it,Female,636-392-5824,5/20/1990,Doctor
205,Celka,Karoly,ckaroly5o@macromedia.com,Female,923-160-6442,08/07/1961,Doctor
206,Karita,Pea,kpea5p@sciencedirect.com,Female,600-502-7209,09/05/1986,Patient
207,Yasmeen,Itshak,yitshak5q@home.pl,Female,392-236-2972,7/16/1969,Assistant
208,Garey,Shall,gshall5r@infoseek.co.jp,Male,351-509-4051,4/28/1989,Patient
209,Angy,Morrid,amorrid5s@techcrunch.com,Female,876-567-8754,5/31/1988,Doctor
210,Nathan,Filyukov,nfilyukov5t@alibaba.com,Male,773-433-6373,1/29/1961,Doctor
211,Nancy,Tarling,ntarling5u@xinhuanet.com,Female,320-579-6257,11/25/1997,Assistant
212,Hope,Birkenhead,hbirkenhead5v@cbsnews.com,Female,448-613-6541,03/11/1989,Assistant
213,Jackquelin,Braxay,jbraxay5w@multiply.com,Female,601-531-8383,7/14/1997,Doctor
214,Dallas,Ivanuschka,divanuschka5x@hugedomains.com,Female,896-452-9928,11/09/1963,Doctor
215,Elston,Keaves,ekeaves5y@businessweek.com,Male,892-460-0354,07/10/1983,Assistant
216,Elbertine,Henker,ehenker5z@dion.ne.jp,Female,658-549-1985,11/15/1982,Doctor
217,Tiphanie,Azema,tazema60@uiuc.edu,Female,419-422-4988,10/31/1962,Doctor
218,Brett,Chicotti,bchicotti61@so-net.ne.jp,Male,789-317-3120,11/14/1978,Assistant
219,Ingar,Slate,islate62@scientificamerican.com,Male,407-381-8167,3/31/1985,Patient
220,Hermia,Ribey,hribey63@patch.com,Female,678-360-4081,5/20/1978,Assistant
221,Alistair,Franzettoini,afranzettoini64@w3.org,Male,241-664-5397,2/26/1979,Patient
222,Fara,Halliwell,fhalliwell65@aboutads.info,Female,922-244-7385,03/02/1994,Doctor
223,Graehme,Saltsberger,gsaltsberger66@blog.com,Male,288-808-3146,4/14/1992,Assistant
224,Sheba,Covell,scovell67@yandex.ru,Female,929-529-6074,6/21/1983,Assistant
225,Albert,McLucas,amclucas68@businesswire.com,Male,902-376-7995,2/23/1975,Assistant
226,Clareta,Jeannenet,cjeannenet69@printfriendly.com,Female,522-146-9914,8/29/1964,Assistant
227,Brynne,Paolillo,bpaolillo6a@diigo.com,Female,182-210-9366,7/21/1997,Doctor
228,Ancell,Benoi,abenoi6b@delicious.com,Male,689-374-9398,08/07/1998,Patient
229,Fraze,Hoogendorp,fhoogendorp6c@google.com,Male,208-978-6839,9/16/1979,Doctor
230,Klarika,Advani,kadvani6d@msu.edu,Female,832-753-5331,10/29/1993,Doctor
231,Pammi,D'Adda,pdadda6e@elpais.com,Female,890-135-5154,04/12/1980,Doctor
232,Welbie,Avrasin,wavrasin6f@sbwire.com,Male,274-491-1771,02/06/1985,Patient
233,Enos,Delicate,edelicate6g@miitbeian.gov.cn,Male,983-969-7296,08/06/1974,Assistant
234,Adelaide,Berendsen,aberendsen6h@cyberchimps.com,Female,639-570-2474,2/26/1997,Assistant
235,Anthony,Nesfield,anesfield6i@cdbaby.com,Male,997-529-8030,02/01/1982,Patient
236,Akim,Lagde,alagde6j@nyu.edu,Male,488-481-6076,7/27/1973,Assistant
237,Kassi,Murtell,kmurtell6k@harvard.edu,Female,153-870-4555,2/23/1974,Doctor
238,Betteann,Nestor,bnestor6l@census.gov,Female,830-358-9674,11/01/1967,Patient
239,Cullie,Jessel,cjessel6m@netvibes.com,Male,317-815-8216,3/21/1995,Assistant
240,Anstice,Knath,aknath6n@comcast.net,Female,908-921-4480,04/04/1986,Assistant
241,Claudell,Mabone,cmabone6o@auda.org.au,Male,805-505-1107,07/04/1994,Patient
242,Portie,Plummer,pplummer6p@canalblog.com,Male,260-481-3542,06/09/1999,Assistant
243,Roland,Quainton,rquainton6q@wisc.edu,Male,885-454-4956,7/22/1996,Assistant
244,Brenden,Wurz,bwurz6r@soup.io,Male,337-722-1998,9/19/1963,Assistant
245,Oliver,Gocher,ogocher6s@nps.gov,Male,722-243-1831,5/19/1988,Assistant
246,Henri,Pharo,hpharo6t@ihg.com,Male,695-603-0390,3/18/1969,Doctor
247,Lucias,Placidi,lplacidi6u@chronoengine.com,Male,850-803-2089,01/12/1988,Doctor
248,Jessa,Downes,jdownes6v@infoseek.co.jp,Female,204-866-5508,09/06/1994,Assistant
249,Susie,Lavin,slavin6w@1688.com,Female,719-535-2114,06/03/1973,Doctor
250,Willem,Michieli,wmichieli6x@spotify.com,Male,276-437-2459,02/02/1973,Assistant
251,Miguelita,Openshaw,mopenshaw6y@cisco.com,Female,683-273-6866,11/13/1963,Assistant
252,Ranee,Loder,rloder6z@xinhuanet.com,Female,511-831-0737,02/12/1981,Doctor
253,Buck,Mangeot,bmangeot70@soundcloud.com,Male,162-309-7941,5/14/1993,Doctor
254,Cosme,Collinette,ccollinette71@washingtonpost.com,Male,390-657-7358,07/02/1982,Patient
255,Annabelle,Rubinowitsch,arubinowitsch72@i2i.jp,Female,772-905-3669,9/21/1979,Patient
256,Morse,Tinston,mtinston73@chicagotribune.com,Male,662-118-4674,1/20/1986,Assistant
257,Woodie,Cornier,wcornier74@nature.com,Male,418-948-4013,5/20/1983,Doctor
258,Xavier,Bertl,xbertl75@163.com,Male,116-634-7216,12/24/1993,Doctor
259,Christy,Wrightham,cwrightham76@buzzfeed.com,Female,816-241-6403,03/02/1981,Assistant
260,Dennie,Gravells,dgravells77@live.com,Male,639-675-8087,7/21/1998,Assistant
261,Rosalind,Livingstone,rlivingstone78@loc.gov,Female,762-147-5071,4/21/1990,Assistant
262,Maureene,Kubczak,mkubczak79@ezinearticles.com,Female,961-870-1998,2/25/1994,Doctor
263,Alaine,Dressell,adressell7a@yahoo.com,Female,643-289-8379,02/04/1990,Doctor
264,Meredith,Bickerstaffe,mbickerstaffe7b@paypal.com,Female,169-102-5884,1/25/1978,Assistant
265,Yardley,Tissiman,ytissiman7c@shareasale.com,Male,898-187-8447,5/13/2000,Patient
266,Barbi,Aldus,baldus7d@booking.com,Female,985-951-7423,11/08/1979,Assistant
267,Francklyn,Wathey,fwathey7e@tinyurl.com,Male,741-300-8363,12/22/1998,Patient
268,Lucita,Haggerty,lhaggerty7f@sakura.ne.jp,Female,407-255-0368,07/12/1979,Doctor
269,Matty,Chilver,mchilver7g@geocities.com,Female,617-121-8878,7/29/1983,Doctor
270,Godwin,Dibbert,gdibbert7h@adobe.com,Male,224-763-3719,2/28/1991,Assistant
271,Ewan,Canto,ecanto7i@pinterest.com,Male,955-277-0202,08/04/1997,Assistant
272,Dinnie,Wais,dwais7j@blogs.com,Female,570-119-2783,10/24/1994,Assistant
273,Sapphire,Andrez,sandrez7k@gov.uk,Female,161-153-5948,6/25/1984,Doctor
274,Mead,Motten,mmotten7l@storify.com,Female,426-506-6507,06/12/2000,Doctor
275,Eirena,Elliman,eelliman7m@princeton.edu,Female,907-535-8501,09/04/1973,Doctor
276,Lorie,Collihole,lcollihole7n@umich.edu,Female,952-458-6495,02/05/1965,Doctor
277,Karel,Horbart,khorbart7o@psu.edu,Male,767-630-8712,10/10/1991,Assistant
278,Elden,Cardwell,ecardwell7p@edublogs.org,Male,448-920-1395,5/26/1997,Patient
279,Bendicty,Gouldthorpe,bgouldthorpe7q@usda.gov,Male,759-193-1457,2/22/1964,Patient
280,Odelinda,Leifer,oleifer7r@toplist.cz,Female,232-718-9278,3/29/1966,Doctor
281,Joanne,Greenhalf,jgreenhalf7s@webs.com,Female,888-877-8717,8/15/1966,Patient
282,Corena,Copozio,ccopozio7t@etsy.com,Female,617-488-6122,4/14/1968,Patient
283,Agosto,Penniall,apenniall7u@squidoo.com,Male,563-486-4874,12/22/1965,Assistant
284,Aluino,Lies,alies7v@ebay.com,Male,243-384-0542,11/13/1985,Doctor
285,Noble,McArte,nmcarte7w@ameblo.jp,Male,928-875-9483,09/08/1965,Doctor
286,Heywood,Allsworth,hallsworth7x@parallels.com,Male,915-809-6784,4/23/1969,Assistant
287,Doralin,McLauchlin,dmclauchlin7y@independent.co.uk,Female,700-848-0692,05/04/1987,Patient
288,Garfield,Standidge,gstandidge7z@canalblog.com,Male,528-460-8661,8/25/1993,Doctor
289,Earl,Hugnet,ehugnet80@blogtalkradio.com,Male,151-666-6822,04/01/1995,Assistant
290,Celene,Nellies,cnellies81@umn.edu,Female,598-527-4272,1/24/1965,Doctor
291,Caryn,Lerigo,clerigo82@ameblo.jp,Female,661-274-9027,03/09/1974,Assistant
292,Kalindi,Stroton,kstroton83@t.co,Female,608-567-5297,12/01/1975,Doctor
293,Stacia,Ropert,sropert84@smh.com.au,Female,202-231-6319,01/05/1985,Patient
294,Flossi,Conerding,fconerding85@army.mil,Female,663-776-8625,02/06/1996,Assistant
295,Rochella,Billion,rbillion86@miitbeian.gov.cn,Female,869-668-3770,5/29/1967,Doctor
296,Mattie,Sugg,msugg87@odnoklassniki.ru,Female,796-929-0476,2/16/1978,Assistant
297,Connie,Theakston,ctheakston88@surveymonkey.com,Male,653-547-4438,9/23/1964,Assistant
298,Rivalee,Lemmen,rlemmen89@com.com,Female,356-793-7791,05/08/1996,Assistant
299,Collen,Wagenen,cwagenen8a@csmonitor.com,Female,422-974-9780,6/23/1962,Patient
300,Stillman,Schmidt,sschmidt8b@reference.com,Male,808-652-8577,3/23/1985,Patient
301,Edlin,Moret,emoret8c@pagesperso-orange.fr,Male,547-989-1805,04/04/1970,Assistant
302,Tamara,Winsbury,twinsbury8d@nature.com,Female,155-744-4444,4/28/1961,Assistant
303,Ilka,Novis,inovis8e@hatena.ne.jp,Female,744-463-8189,6/27/1972,Assistant
304,Dorolisa,Coleman,dcoleman8f@sogou.com,Female,258-159-5397,02/11/1982,Assistant
305,Stella,McIlmorie,smcilmorie8g@zimbio.com,Female,616-380-7890,7/28/1970,Doctor
306,Jewelle,Cheevers,jcheevers8h@webs.com,Female,803-497-1818,5/28/1975,Doctor
307,Pen,Darrow,pdarrow8i@naver.com,Male,423-458-9565,3/18/1986,Patient
308,Justen,Foster-Smith,jfostersmith8j@geocities.jp,Male,467-174-9140,02/03/1977,Doctor
309,Yolande,Brandreth,ybrandreth8k@posterous.com,Female,901-235-0204,3/30/1984,Patient
310,Olga,Mozzetti,omozzetti8l@arizona.edu,Female,653-905-0343,1/24/1980,Assistant
311,Lilas,Prestland,lprestland8m@gov.uk,Female,712-407-8043,01/04/1966,Doctor
312,Dolores,Critcher,dcritcher8n@japanpost.jp,Female,841-916-5179,04/06/1999,Doctor
313,Sibbie,Jacqueminot,sjacqueminot8o@vkontakte.ru,Female,825-767-7615,06/07/1981,Assistant
314,Danica,Trengove,dtrengove8p@sohu.com,Female,954-443-1849,11/21/1992,Assistant
315,Bobbe,Bancroft,bbancroft8q@cdbaby.com,Female,713-989-9463,12/31/1976,Patient
316,Swen,Pinck,spinck8r@craigslist.org,Male,849-202-5711,07/05/1967,Doctor
317,Claudell,Matterface,cmatterface8s@google.co.uk,Male,584-288-4146,5/13/1969,Patient
318,Giulio,Howsan,ghowsan8t@soundcloud.com,Male,502-905-9247,6/16/1977,Assistant
319,Gun,Gomme,ggomme8u@gov.uk,Male,361-612-3117,2/15/1998,Assistant
320,Dori,Stoyles,dstoyles8v@jigsy.com,Female,522-783-4278,10/02/1963,Patient
321,Jocelyne,Burgess,jburgess8w@miibeian.gov.cn,Female,531-669-7751,10/29/1974,Patient
322,Leticia,Sturdey,lsturdey8x@about.com,Female,503-192-0862,12/18/1964,Assistant
323,Mandi,Sowden,msowden8y@cyberchimps.com,Female,861-518-9312,8/30/1961,Doctor
324,Amalita,Keady,akeady8z@seattletimes.com,Female,303-385-4588,03/02/1971,Patient
325,Abe,Titta,atitta90@google.com.hk,Male,473-306-1064,02/07/1986,Assistant
326,Marcellus,Battle,mbattle91@hibu.com,Male,223-890-8994,01/06/1973,Doctor
327,Bartholomeo,Winnett,bwinnett92@irs.gov,Male,720-167-3987,07/01/1983,Doctor
328,Bill,Greenstock,bgreenstock93@samsung.com,Male,874-933-9527,10/13/1989,Assistant
329,Creight,Pepys,cpepys94@wisc.edu,Male,999-190-3112,06/04/1972,Assistant
330,Olenolin,Gounard,ogounard95@gov.uk,Male,655-943-9742,08/11/1995,Assistant
331,Nichol,Koppes,nkoppes96@apple.com,Female,367-249-3047,3/13/1968,Doctor
332,Wiatt,Argont,wargont97@live.com,Male,895-722-4651,12/04/1994,Patient
333,Corilla,Shaw,cshaw98@xinhuanet.com,Female,590-743-0287,4/18/1982,Doctor
334,Aili,Ordidge,aordidge99@github.io,Female,346-326-4472,11/13/1977,Assistant
335,Marj,Trobey,mtrobey9a@livejournal.com,Female,940-314-7168,6/20/1979,Doctor
336,My,Mannin,mmannin9b@ocn.ne.jp,Male,172-764-3188,02/01/2000,Doctor
337,Raychel,O'Hara,rohara9c@shop-pro.jp,Female,326-609-1047,12/22/1987,Doctor
338,Frederigo,McGettigan,fmcgettigan9d@oakley.com,Male,858-642-6238,03/10/1992,Assistant
339,Vito,Burwell,vburwell9e@ft.com,Male,246-847-2884,1/26/1969,Assistant
340,Guinevere,Holligan,gholligan9f@tumblr.com,Female,909-808-4091,8/29/1996,Assistant
341,Parker,Pietesch,ppietesch9g@ucla.edu,Male,541-921-7171,02/11/1974,Assistant
342,Brittney,Kennicott,bkennicott9h@tinyurl.com,Female,344-806-3892,05/03/1971,Doctor
343,Dilly,De Fraine,ddefraine9i@artisteer.com,Male,916-817-5963,10/29/1969,Assistant
344,Cliff,Wissby,cwissby9j@constantcontact.com,Male,611-387-7700,3/31/1964,Assistant
345,Durant,Axon,daxon9k@sogou.com,Male,705-750-1143,8/19/1990,Doctor
346,Tristam,Ubanks,tubanks9l@msu.edu,Male,235-369-5579,11/24/1980,Assistant
347,Corbie,McKeady,cmckeady9m@amazon.co.uk,Male,577-723-8038,11/27/1977,Assistant
348,Bobby,Sennett,bsennett9n@flickr.com,Male,728-757-4236,11/23/1982,Assistant
349,Evvy,Mayoh,emayoh9o@virginia.edu,Female,651-658-9692,2/20/1988,Assistant
350,Greer,Staterfield,gstaterfield9p@time.com,Female,500-374-9119,03/12/1962,Doctor
351,Colan,Oyley,coyley9q@wunderground.com,Male,622-687-7229,8/24/1965,Patient
352,Vaughan,Nowak,vnowak9r@jugem.jp,Male,162-459-8651,2/23/1994,Patient
353,Mona,Harnott,mharnott9s@com.com,Female,693-634-2099,02/07/1962,Doctor
354,Elisabet,Perrottet,eperrottet9t@cbslocal.com,Female,297-118-2339,9/22/1987,Patient
355,Morse,Mantrup,mmantrup9u@tamu.edu,Male,562-605-9341,03/03/1967,Doctor
356,Benito,Goves,bgoves9v@wix.com,Male,151-385-0676,6/18/1967,Assistant
357,Major,Scupham,mscupham9w@godaddy.com,Male,149-304-6839,2/17/1977,Assistant
358,Ulick,Symson,usymson9x@ovh.net,Male,319-841-7546,06/05/1970,Assistant
359,Constancia,Neubigging,cneubigging9y@wisc.edu,Female,631-698-9656,3/28/1983,Assistant
360,Godwin,Bails,gbails9z@forbes.com,Male,534-929-7005,4/16/1975,Doctor
361,Lilah,Phillot,lphillota0@home.pl,Female,365-279-3858,12/03/1971,Assistant
362,Patricia,Bendix,pbendixa1@clickbank.net,Female,276-343-0535,6/27/1995,Doctor
363,Marten,Cluelow,mcluelowa2@booking.com,Male,554-859-7257,10/26/1985,Assistant
364,Porter,Ledstone,pledstonea3@unblog.fr,Male,805-942-8531,7/18/1999,Assistant
365,Mattie,Brogini,mbroginia4@mit.edu,Female,792-324-0771,05/07/1965,Assistant
366,Juana,Harget,jhargeta5@discuz.net,Female,377-645-5856,8/18/1983,Patient
367,Hester,Kingzett,hkingzetta6@seesaa.net,Female,217-511-1964,8/30/1969,Assistant
368,Cornelia,Burges,cburgesa7@quantcast.com,Female,645-830-8368,08/06/1983,Patient
369,Gordan,Beeswing,gbeeswinga8@msn.com,Male,263-963-3331,9/30/1980,Patient
370,Marjory,Ellsom,mellsoma9@pbs.org,Female,484-869-0193,12/14/1974,Assistant
371,Angela,Bartley,abartleyaa@deliciousdays.com,Female,220-548-8511,6/24/1964,Doctor
372,Ozzie,Laurand,olaurandab@columbia.edu,Male,163-773-4596,01/05/1991,Patient
373,Page,Gribbell,pgribbellac@cyberchimps.com,Male,711-456-7045,12/07/1988,Assistant
374,Wayne,Lafflina,wlafflinaad@webs.com,Male,889-277-1173,04/01/1978,Assistant
375,Harald,Wybrow,hwybrowae@washingtonpost.com,Male,513-451-2393,6/23/1972,Patient
376,Malynda,Arboin,marboinaf@businessweek.com,Female,407-870-7776,3/31/1966,Doctor
377,Gunther,Brignall,gbrignallag@jigsy.com,Male,660-834-5751,06/11/1990,Doctor
378,Antonin,Burgiss,aburgissah@quantcast.com,Male,186-754-7057,10/28/1997,Patient
379,Chandra,Veare,cveareai@redcross.org,Female,260-548-3117,09/06/1962,Assistant
380,Ike,Gasnoll,igasnollaj@java.com,Male,621-178-8203,12/19/1999,Doctor
381,Ado,Sein,aseinak@ow.ly,Male,396-949-4537,09/08/1963,Patient
382,Mickie,Kentish,mkentishal@123-reg.co.uk,Male,365-406-1731,08/04/1980,Patient
383,Cristi,Francom,cfrancomam@wordpress.org,Female,621-694-1457,10/30/1986,Doctor
384,Orlando,Kern,okernan@mit.edu,Male,402-584-8940,4/25/1985,Doctor
385,Aubrette,Stackbridge,astackbridgeao@berkeley.edu,Female,711-625-2096,2/25/1991,Assistant
386,Debor,Cragell,dcragellap@marketwatch.com,Female,517-243-9985,09/06/1961,Assistant
387,Enrico,Cottel,ecottelaq@chicagotribune.com,Male,289-214-0237,1/31/1963,Assistant
388,Amaleta,Winser,awinserar@elegantthemes.com,Female,344-224-3131,05/08/1974,Doctor
389,Muffin,Limmer,mlimmeras@narod.ru,Female,779-715-0078,6/26/1974,Assistant
390,Gran,Stamper,gstamperat@digg.com,Male,785-670-4935,06/12/1961,Patient
391,Petr,Bellord,pbellordau@economist.com,Male,754-904-7938,3/27/1986,Doctor
392,Xever,Belk,xbelkav@google.fr,Male,836-959-2418,06/05/1998,Patient
393,Chloe,Eymor,ceymoraw@theguardian.com,Female,194-542-9690,12/13/1966,Assistant
394,Amabel,Greaser,agreaserax@usatoday.com,Female,398-559-7221,3/30/1979,Doctor
395,Field,Jewer,fjeweray@pen.io,Male,995-297-1640,11/01/1998,Assistant
396,Brander,Downey,bdowneyaz@bigcartel.com,Male,535-744-1223,7/20/1972,Doctor
397,Lynea,Dunmore,ldunmoreb0@alibaba.com,Female,200-375-9853,2/20/1962,Doctor
398,Gardie,Craney,gcraneyb1@purevolume.com,Male,556-325-2595,11/15/1968,Assistant
399,Kerry,Crookes,kcrookesb2@unicef.org,Male,805-280-6958,10/01/1974,Assistant
400,Kennett,Manthroppe,kmanthroppeb3@un.org,Male,259-150-8645,7/24/1994,Doctor
401,Nolan,Hawson,nhawsonb4@gravatar.com,Male,185-169-3983,11/29/1998,Doctor
402,Carl,Monnelly,cmonnellyb5@goo.ne.jp,Male,527-433-7181,03/07/1973,Assistant
403,Elwira,Semon,esemonb6@whitehouse.gov,Female,724-136-4108,03/05/1991,Patient
404,Albertina,Ragot,aragotb7@google.ca,Female,170-133-9141,1/13/1990,Patient
405,Ivonne,Jurges,ijurgesb8@istockphoto.com,Female,945-601-4081,12/17/1963,Patient
406,Octavia,Gentery,ogenteryb9@rakuten.co.jp,Female,921-707-9471,09/05/1996,Assistant
407,Douglas,Jumeau,djumeauba@biblegateway.com,Male,638-117-0649,2/16/1991,Patient
408,Julietta,Eden,jedenbb@washington.edu,Female,850-701-1473,10/13/1981,Doctor
409,Deborah,Delph,ddelphbc@yellowbook.com,Female,234-309-2447,01/05/1976,Doctor
410,Lilla,Amoore,lamoorebd@sakura.ne.jp,Female,678-888-9789,02/12/1973,Patient
411,Peta,Averay,paveraybe@wsj.com,Female,695-881-0248,11/19/1963,Patient
412,Karry,Pipe,kpipebf@yelp.com,Female,710-761-5712,10/05/1997,Patient
413,Andrea,Ettery,aetterybg@yale.edu,Male,986-430-5690,07/05/2000,Assistant
414,Noble,Prangle,npranglebh@reddit.com,Male,935-578-5589,7/26/1972,Patient
415,Avigdor,Green,agreenbi@arstechnica.com,Male,460-174-4265,05/08/1985,Assistant
416,Kerwin,Kerins,kkerinsbj@icio.us,Male,371-837-6802,7/26/1992,Doctor
417,Esmeralda,Dowell,edowellbk@google.com,Female,999-494-3245,8/17/1966,Patient
418,Elton,Dancy,edancybl@columbia.edu,Male,642-190-9776,1/29/1987,Assistant
419,Gail,Haton,ghatonbm@webmd.com,Female,338-499-0844,05/02/1998,Patient
420,Marney,Boast,mboastbn@auda.org.au,Female,380-391-0736,12/25/1987,Patient
421,Garth,Clowser,gclowserbo@1und1.de,Male,282-384-1283,12/10/1978,Doctor
422,Sarge,Huxham,shuxhambp@123-reg.co.uk,Male,170-888-7981,7/18/1965,Doctor
423,Neale,Huyche,nhuychebq@ycombinator.com,Male,916-902-0692,4/28/1967,Doctor
424,Kevin,Sipson,ksipsonbr@smh.com.au,Male,153-603-1228,11/28/1992,Assistant
425,Douglass,Middlehurst,dmiddlehurstbs@nydailynews.com,Male,966-715-0725,8/21/1971,Patient
426,Cherrita,Bettinson,cbettinsonbt@cbc.ca,Female,794-744-3698,08/06/1974,Assistant
427,Gunilla,Di Iorio,gdiioriobu@delicious.com,Female,462-233-2547,10/04/1975,Patient
428,Christian,Russel,crusselbv@ft.com,Female,392-804-1120,1/27/1976,Doctor
429,Ingra,Tidgewell,itidgewellbw@ebay.co.uk,Male,909-787-2562,2/18/1978,Assistant
430,Muffin,Seabright,mseabrightbx@godaddy.com,Male,905-305-8030,8/23/1989,Patient
431,Deny,Wessel,dwesselby@livejournal.com,Female,749-862-2130,10/18/1986,Doctor
432,Ashley,Grimestone,agrimestonebz@skyrock.com,Male,736-427-1784,10/29/1967,Patient
433,Hammad,Courage,hcouragec0@360.cn,Male,550-259-9098,3/16/1963,Doctor
434,Karel,Shadfourth,kshadfourthc1@statcounter.com,Female,472-561-9385,7/23/1968,Assistant
435,Deena,Troutbeck,dtroutbeckc2@canalblog.com,Female,929-669-5445,08/03/1976,Assistant
436,Marlow,Flew,mflewc3@mayoclinic.com,Male,177-666-5770,8/19/1971,Assistant
437,Thaine,Ughini,tughinic4@hhs.gov,Male,441-135-4657,4/25/1990,Patient
438,Clio,Scampion,cscampionc5@nifty.com,Female,632-622-1510,8/27/1977,Doctor
439,Kori,Rubenfeld,krubenfeldc6@mapy.cz,Female,665-669-4529,5/23/1965,Doctor
440,Davine,Barns,dbarnsc7@paginegialle.it,Female,922-647-4264,7/27/1974,Patient
441,Goober,MacNeish,gmacneishc8@un.org,Male,175-729-9763,8/20/1988,Patient
442,Farah,Conlon,fconlonc9@so-net.ne.jp,Female,168-887-3885,11/03/1970,Doctor
443,Shannah,Marquiss,smarquissca@gnu.org,Female,267-622-4713,11/23/2000,Doctor
444,Veriee,Farthin,vfarthincb@photobucket.com,Female,582-354-7310,4/29/1973,Patient
445,Fidelio,Mor,fmorcc@yandex.ru,Male,262-103-3092,6/16/1990,Doctor
446,Jeddy,Strephan,jstrephancd@biblegateway.com,Male,638-110-0729,05/05/1971,Patient
447,Malinde,Meriton,mmeritonce@weather.com,Female,702-191-1447,11/10/1978,Patient
448,Abigale,Dumingo,adumingocf@washington.edu,Female,588-784-8058,9/26/1972,Assistant
449,Camile,Meaker,cmeakercg@blog.com,Female,261-373-7795,5/16/1962,Assistant
450,Jeri,Frushard,jfrushardch@vkontakte.ru,Female,798-695-9341,6/23/1999,Assistant
451,Bettina,Heynen,bheynenci@moonfruit.com,Female,657-595-2783,11/21/1982,Assistant
452,Eduino,Ferier,eferiercj@adobe.com,Male,697-365-8618,06/02/1972,Patient
453,Berna,Gillbanks,bgillbanksck@slideshare.net,Female,686-751-6567,12/07/1982,Assistant
454,Nicolais,Applewhite,napplewhitecl@nyu.edu,Male,849-739-2610,06/12/1962,Doctor
455,Lin,Son,lsoncm@lulu.com,Male,916-672-9110,6/27/1964,Assistant
456,Ancell,Christon,achristoncn@simplemachines.org,Male,904-142-5882,8/31/1991,Doctor
457,Paten,Cicerone,pciceroneco@msn.com,Male,583-801-1301,05/06/1973,Assistant
458,Gregoire,Heyworth,gheyworthcp@icio.us,Male,481-165-6757,10/13/1963,Assistant
459,Pinchas,Styan,pstyancq@europa.eu,Male,851-675-6570,04/06/1966,Patient
460,Waylon,MacBean,wmacbeancr@homestead.com,Male,104-988-8859,9/25/1962,Patient
461,Lay,Brose,lbrosecs@webeden.co.uk,Male,455-513-0400,8/28/1974,Patient
462,Rosalie,Smeath,rsmeathct@bloomberg.com,Female,560-686-0105,12/21/1978,Patient
463,Porter,Kemwall,pkemwallcu@over-blog.com,Male,162-871-8303,3/31/1984,Patient
464,Gratiana,Cossington,gcossingtoncv@google.co.uk,Female,269-960-2689,05/11/1983,Patient
465,Tadeo,Gavozzi,tgavozzicw@bigcartel.com,Male,529-982-1576,10/12/1985,Assistant
466,Daune,Brightling,dbrightlingcx@elpais.com,Female,641-765-1161,1/28/1972,Patient
467,Lindy,Aleksidze,laleksidzecy@foxnews.com,Male,370-182-6200,01/01/1994,Doctor
468,Brier,Pirozzi,bpirozzicz@mediafire.com,Female,280-462-9781,09/09/1974,Assistant
469,Fidelia,Lasslett,flasslettd0@mediafire.com,Female,129-752-1149,05/08/1980,Doctor
470,Sandi,Spracklin,sspracklind1@buzzfeed.com,Female,728-390-8779,06/01/1961,Patient
471,Burlie,Gobeaux,bgobeauxd2@si.edu,Male,498-210-4519,4/23/1972,Assistant
472,Valenka,Dransfield,vdransfieldd3@howstuffworks.com,Female,644-560-7516,7/15/1978,Doctor
473,Juliet,Cardew,jcardewd4@homestead.com,Female,206-247-1780,6/26/1994,Assistant
474,Any,Hebblewaite,ahebblewaited5@phpbb.com,Male,777-243-2403,05/06/1962,Patient
475,Harley,Sedgeman,hsedgemand6@themeforest.net,Female,843-477-3513,10/23/1980,Assistant
476,Alisun,Skettles,askettlesd7@army.mil,Female,131-615-6546,01/11/1986,Doctor
477,Kerri,Niess,kniessd8@irs.gov,Female,583-404-3228,2/24/1964,Assistant
478,Hakeem,Doohan,hdoohand9@deviantart.com,Male,886-295-5797,10/28/1985,Doctor
479,Valida,De Domenici,vdedomenicida@cdbaby.com,Female,380-809-6290,5/23/1968,Patient
480,Otto,Trueman,otruemandb@freewebs.com,Male,464-395-0038,3/30/1993,Assistant
481,Quintin,Hampshire,qhampshiredc@nature.com,Male,696-989-2263,06/09/1968,Doctor
482,Melantha,Rudgard,mrudgarddd@cyberchimps.com,Female,402-716-6237,05/01/1964,Patient
483,Leodora,Bruton,lbrutonde@ustream.tv,Female,749-183-3860,10/25/1971,Doctor
484,Jamima,Bendell,jbendelldf@clickbank.net,Female,634-475-1441,3/16/1965,Doctor
485,Homerus,Degoix,hdegoixdg@creativecommons.org,Male,139-603-7719,09/05/1998,Assistant
486,Feodora,Grigoire,fgrigoiredh@rakuten.co.jp,Female,937-915-2575,8/31/1971,Patient
487,Julie,Jakubowicz,jjakubowiczdi@vimeo.com,Female,837-374-1313,4/26/1990,Doctor
488,Brand,Pierton,bpiertondj@google.de,Male,129-645-5085,07/03/1980,Doctor
489,Jeniffer,Beyne,jbeynedk@comcast.net,Female,183-669-0692,08/07/1982,Assistant
490,Addie,Valde,avaldedl@cnbc.com,Female,289-756-7392,10/25/1987,Assistant
491,Elwin,Barltrop,ebarltropdm@a8.net,Male,508-111-5188,12/23/1970,Assistant
492,Berky,Waggitt,bwaggittdn@time.com,Male,415-348-0250,01/03/1985,Patient
493,Maye,McDunlevy,mmcdunlevydo@cocolog-nifty.com,Female,515-303-5355,1/14/1978,Doctor
494,Isidor,Sans,isansdp@digg.com,Male,839-118-9796,01/06/1988,Patient
495,Tadio,Trorey,ttroreydq@amazonaws.com,Male,811-833-3366,11/11/1985,Assistant
496,Kinsley,Fayter,kfayterdr@themeforest.net,Male,411-172-9799,2/14/1972,Patient
497,Ariela,Westover,awestoverds@flickr.com,Female,812-860-9813,05/03/1989,Doctor
498,Denny,Sacker,dsackerdt@cdc.gov,Male,471-524-3838,8/25/1967,Doctor
499,Papagena,Donett,pdonettdu@yellowbook.com,Female,797-712-4118,08/06/1970,Assistant
500,Cord,Randle,crandledv@chron.com,Male,860-324-4487,1/21/1996,Assistant
501,Herbert,Hencke,hhenckedw@google.it,Male,240-231-6937,12/03/1998,Patient
502,Editha,Cescoti,ecescotidx@vistaprint.com,Female,350-480-9855,10/17/1992,Doctor
503,Lorine,Suart,lsuartdy@4shared.com,Female,623-628-9790,5/14/1966,Doctor
504,Lonny,Feldmus,lfeldmusdz@sphinn.com,Male,362-288-1586,02/09/1983,Doctor
505,Levon,Januszewicz,ljanuszewicze0@sina.com.cn,Male,887-669-7478,10/28/1969,Doctor
506,Mavis,Pesek,mpeseke1@unc.edu,Female,416-888-4324,07/03/1974,Assistant
507,Pippo,Dodd,pdodde2@army.mil,Male,758-558-3379,11/27/1981,Patient
508,Randolph,Sterrie,rsterriee3@etsy.com,Male,435-321-9958,02/03/1987,Doctor
509,Sydney,Moyser,smoysere4@theglobeandmail.com,Female,693-923-5908,7/28/1986,Assistant
510,Merwin,Mold,mmolde5@paypal.com,Male,955-759-7646,04/06/1965,Doctor
511,Torrey,Cason,tcasone6@cpanel.net,Male,640-161-3382,11/16/1963,Patient
512,Kalila,Pien,kpiene7@unicef.org,Female,297-525-3604,8/21/1970,Doctor
513,Genvieve,Stute,gstutee8@twitter.com,Female,820-863-8556,7/18/1988,Doctor
514,Cicely,Rawlence,crawlencee9@prnewswire.com,Female,965-171-7939,02/03/1961,Doctor
515,Junina,Hintzer,jhintzerea@ow.ly,Female,964-190-6673,08/09/1988,Assistant
516,Jameson,Celler,jcellereb@meetup.com,Male,182-543-3293,8/30/1994,Assistant
517,Vassili,Andre,vandreec@gizmodo.com,Male,510-640-4603,02/12/1995,Patient
518,Boris,Kiehnlt,bkiehnlted@github.io,Male,725-920-0756,2/20/1997,Patient
519,Alfy,Franchioni,afranchioniee@slideshare.net,Male,785-882-8830,8/18/1977,Doctor
520,Rick,Dailey,rdaileyef@cdc.gov,Male,767-722-8096,01/03/1962,Assistant
521,Sampson,Blazi,sblazieg@statcounter.com,Male,137-126-2111,5/27/1989,Doctor
522,Fonzie,Twiggs,ftwiggseh@ed.gov,Male,594-627-6104,8/31/1993,Doctor
523,Karney,Emanson,kemansonei@sciencedaily.com,Male,681-280-1421,01/03/1986,Patient
524,Alyse,Qualtrough,aqualtroughej@admin.ch,Female,830-939-5364,6/24/1991,Patient
525,Roma,Assur,rassurek@usda.gov,Male,503-647-5924,12/10/1975,Doctor
526,Lilla,Manson,lmansonel@pen.io,Female,640-158-4222,08/10/1979,Assistant
527,Marquita,Blew,mblewem@washington.edu,Female,229-875-7171,8/23/1968,Patient
528,Sauveur,Rispin,srispinen@w3.org,Male,710-659-2117,02/03/1970,Doctor
529,Prince,Sisneros,psisneroseo@constantcontact.com,Male,363-834-8258,10/16/1998,Assistant
530,Giulio,Bowdon,gbowdonep@house.gov,Male,762-613-0063,06/05/1961,Patient
531,Roshelle,Crippes,rcrippeseq@elpais.com,Female,596-157-7404,11/26/1978,Patient
532,Brandea,Gutridge,bgutridgeer@kickstarter.com,Female,643-130-4791,9/19/1976,Doctor
533,Talbert,Talbot,ttalbotes@vk.com,Male,989-834-3140,11/07/1981,Patient
534,Tibold,Buchan,tbuchanet@tiny.cc,Male,865-379-7293,02/04/1989,Patient
535,Kingston,Alsop,kalsopeu@biblegateway.com,Male,327-761-6020,01/09/1998,Doctor
536,Terrye,Carlos,tcarlosev@businessinsider.com,Female,755-740-7473,5/21/1973,Doctor
537,Artair,Rearden,areardenew@google.cn,Male,571-868-4742,4/28/1998,Assistant
538,Brewster,MacCombe,bmaccombeex@pcworld.com,Male,556-869-7841,12/15/1993,Patient
539,Zacharie,Resdale,zresdaleey@comsenz.com,Male,258-152-8978,03/04/1970,Assistant
540,Vinny,Mogford,vmogfordez@vkontakte.ru,Male,458-449-6807,11/10/1990,Assistant
541,Brenda,Romushkin,bromushkinf0@sogou.com,Female,959-910-0261,12/11/1969,Doctor
542,Rodolph,Clemmow,rclemmowf1@hostgator.com,Male,207-500-1479,07/05/1977,Patient
543,Clio,Dolphin,cdolphinf2@nih.gov,Female,548-724-7877,10/03/1967,Doctor
544,Maureene,Jewes,mjewesf3@abc.net.au,Female,475-597-8175,11/13/1997,Doctor
545,Traci,Freeborne,tfreebornef4@sbwire.com,Female,834-123-8919,3/17/1961,Doctor
546,Susette,Silkstone,ssilkstonef5@google.nl,Female,136-400-3277,11/29/1970,Assistant
547,June,Coleson,jcolesonf6@trellian.com,Female,880-947-1504,8/16/1977,Assistant
548,Tades,Wardhough,twardhoughf7@washington.edu,Male,901-939-6377,7/23/1974,Assistant
549,Mychal,Wallentin,mwallentinf8@wired.com,Male,649-513-0166,09/06/1967,Assistant
550,Dermot,Rillett,drillettf9@paypal.com,Male,639-176-9142,07/07/1986,Doctor
551,Packston,Bambridge,pbambridgefa@webnode.com,Male,265-525-3147,07/11/1980,Assistant
552,Gearard,Bish,gbishfb@instagram.com,Male,766-411-3471,9/13/1992,Doctor
553,Khalil,Oakley,koakleyfc@virginia.edu,Male,891-588-5433,02/10/1986,Doctor
554,Gwyn,Davidi,gdavidifd@wiley.com,Female,705-698-4895,10/03/1979,Patient
555,Mick,Gubbin,mgubbinfe@accuweather.com,Male,557-623-8534,5/16/1996,Assistant
556,Tadeo,Crowther,tcrowtherff@ibm.com,Male,586-134-5669,4/20/1983,Patient
557,Isidro,Stanney,istanneyfg@patch.com,Male,762-913-8598,05/03/1965,Assistant
558,Cynthia,Garrod,cgarrodfh@xrea.com,Female,811-556-1003,10/31/1986,Doctor
559,Oralle,Trye,otryefi@cloudflare.com,Female,299-165-2590,02/07/1990,Doctor
560,Tamarah,Pauletti,tpaulettifj@sina.com.cn,Female,954-208-9489,11/20/1992,Patient
561,Elsa,Ingilson,eingilsonfk@springer.com,Female,195-363-0114,8/24/1961,Patient
562,Biron,Beaston,bbeastonfl@constantcontact.com,Male,209-536-4112,09/06/1973,Assistant
563,Martha,Ellings,mellingsfm@imageshack.us,Female,684-272-5544,12/22/1960,Assistant
564,Ignacius,Camilleri,icamillerifn@foxnews.com,Male,922-304-5075,01/09/1988,Doctor
565,Inglebert,Jesper,ijesperfo@i2i.jp,Male,814-322-5581,10/31/1981,Assistant
566,Alina,Pelman,apelmanfp@hexun.com,Female,677-715-9915,12/17/1970,Doctor
567,Binny,Darnody,bdarnodyfq@storify.com,Female,686-249-5602,08/06/1968,Doctor
568,Gaspard,Coushe,gcoushefr@wix.com,Male,273-796-6426,4/15/1976,Assistant
569,Kalil,Uccello,kuccellofs@histats.com,Male,914-359-2412,8/27/1974,Doctor
570,Les,Karppi,lkarppift@samsung.com,Male,284-843-1085,10/23/1982,Assistant
571,Gretta,Byfford,gbyffordfu@amazon.co.jp,Female,276-454-0867,12/17/1997,Doctor
572,Floris,Kattenhorn,fkattenhornfv@constantcontact.com,Female,653-925-0263,8/23/1973,Patient
573,Dougie,Humphrey,dhumphreyfw@xing.com,Male,147-143-9256,01/08/1966,Patient
574,Guy,Brampton,gbramptonfx@howstuffworks.com,Male,757-457-8194,05/03/1994,Assistant
575,Seymour,Goodlud,sgoodludfy@businessinsider.com,Male,340-449-4920,6/30/1964,Doctor
576,Bucky,Fortye,bfortyefz@bandcamp.com,Male,401-390-8335,09/10/1979,Patient
577,Dee,Iveson,divesong0@webs.com,Female,667-806-6173,07/12/1999,Assistant
578,Julianna,Whipple,jwhippleg1@go.com,Female,811-151-3694,1/17/1982,Doctor
579,Anissa,Trodden,atroddeng2@shinystat.com,Female,162-667-7483,3/19/1992,Patient
580,Kaia,Olsson,kolssong3@twitter.com,Female,469-451-3930,5/30/1989,Doctor
581,Fremont,Dangl,fdanglg4@live.com,Male,839-429-2993,3/23/1967,Patient
582,Antonino,Gianotti,agianottig5@oracle.com,Male,404-358-1501,6/14/1966,Assistant
583,Cherish,Seeler,cseelerg6@last.fm,Female,186-192-3510,05/03/1978,Doctor
584,Barthel,Kalf,bkalfg7@friendfeed.com,Male,884-606-4719,11/16/1965,Assistant
585,Agnes,Whitten,awhitteng8@home.pl,Female,411-209-2796,10/27/1979,Doctor
586,Dalt,Bondley,dbondleyg9@reference.com,Male,451-573-7481,12/21/1965,Patient
587,Padriac,Skelly,pskellyga@twitter.com,Male,803-552-6388,10/13/1976,Assistant
588,Siegfried,Bosomworth,sbosomworthgb@google.cn,Male,526-303-8333,7/26/1981,Assistant
589,Darlene,Ainley,dainleygc@google.es,Female,744-664-9352,12/01/1997,Doctor
590,Ravid,Squibbes,rsquibbesgd@ucoz.ru,Male,857-243-3944,11/17/1993,Doctor
591,Moselle,Adcock,madcockge@themeforest.net,Female,820-410-2784,12/28/1963,Patient
592,Amberly,Gilmour,agilmourgf@samsung.com,Female,834-521-0753,4/20/2000,Assistant
593,Ronna,Phear,rpheargg@ebay.co.uk,Female,780-310-4053,12/30/1973,Patient
594,Towny,Sessuns,tsessunsgh@slideshare.net,Male,667-436-4890,7/21/1996,Doctor
595,Etta,Pibworth,epibworthgi@washington.edu,Female,236-587-0636,5/18/1999,Assistant
596,Alethea,Smooth,asmoothgj@twitter.com,Female,962-364-7776,05/12/1979,Assistant
597,Lesley,Goudard,lgoudardgk@berkeley.edu,Female,311-932-8419,2/24/1988,Assistant
598,Robbyn,Cousin,rcousingl@twitpic.com,Female,213-635-1722,9/15/1973,Assistant
599,Karolina,Feldberger,kfeldbergergm@bloomberg.com,Female,495-537-9700,05/04/1980,Assistant
600,Valery,Swanborrow,vswanborrowgn@wordpress.org,Female,781-134-8125,1/19/1963,Patient
601,Gilda,Najara,gnajarago@wunderground.com,Female,354-191-9030,1/27/1987,Doctor
602,Kiersten,Cullity,kcullitygp@xing.com,Female,582-143-2464,05/11/1998,Doctor
603,Wittie,Coverlyn,wcoverlyngq@pagesperso-orange.fr,Male,179-975-2829,10/03/1973,Assistant
604,Devland,Janusik,djanusikgr@surveymonkey.com,Male,522-544-3376,2/19/1968,Doctor
605,Rafaela,Matusov,rmatusovgs@patch.com,Female,209-500-8893,02/01/1993,Doctor
606,Elbert,Saiens,esaiensgt@miitbeian.gov.cn,Male,234-359-9257,6/15/1988,Assistant
607,Ab,Konneke,akonnekegu@intel.com,Male,725-148-7079,12/09/1989,Assistant
608,Camile,Rookwell,crookwellgv@illinois.edu,Female,109-467-2785,12/29/1965,Assistant
609,Tammy,Lait,tlaitgw@vk.com,Male,798-885-5570,7/30/1987,Assistant
610,Aurthur,Bonnett,abonnettgx@reverbnation.com,Male,398-359-9814,9/29/2000,Doctor
611,Brewer,Prettyjohn,bprettyjohngy@nba.com,Male,189-749-1168,02/06/1994,Patient
612,Douglass,Thorpe,dthorpegz@oracle.com,Male,217-990-8173,07/09/1975,Doctor
613,Glennie,Gorse,ggorseh0@ca.gov,Female,497-298-8338,10/11/1980,Patient
614,Philippe,Titta,ptittah1@answers.com,Female,462-429-5686,11/15/1980,Doctor
615,Janos,Muspratt,jmuspratth2@oaic.gov.au,Male,288-382-3260,05/02/1993,Doctor
616,Erie,Rossiter,erossiterh3@pbs.org,Male,304-591-3982,12/08/1984,Doctor
617,Lizabeth,Falck,lfalckh4@businessinsider.com,Female,875-396-2781,11/20/1989,Assistant
618,Isaac,Leghorn,ileghornh5@mapy.cz,Male,536-432-4848,04/07/2000,Patient
619,Sayres,Bunce,sbunceh6@behance.net,Male,431-517-6784,10/20/1965,Assistant
620,Margaretha,Scardifield,mscardifieldh7@xinhuanet.com,Female,400-951-9545,10/25/1980,Assistant
621,Camilla,Glennon,cglennonh8@hc360.com,Female,315-218-3689,08/05/1971,Patient
622,Cilka,Gutridge,cgutridgeh9@youtu.be,Female,163-951-1569,6/27/1993,Assistant
623,Christophe,Mathews,cmathewsha@facebook.com,Male,405-504-5418,3/22/1975,Patient
624,Neall,Della Scala,ndellascalahb@berkeley.edu,Male,740-719-4784,12/17/1963,Patient
625,Lorianna,Abrahams,labrahamshc@indiatimes.com,Female,637-354-1472,02/01/1981,Assistant
626,Keefe,Lannon,klannonhd@mit.edu,Male,789-561-8057,10/28/1981,Patient
627,Gabriellia,Goly,ggolyhe@nymag.com,Female,720-426-4307,3/21/1994,Assistant
628,Charmion,Cornthwaite,ccornthwaitehf@vk.com,Female,890-261-6535,05/07/1971,Patient
629,Palm,Record,precordhg@scientificamerican.com,Male,286-151-5890,9/24/1987,Patient
630,Abbe,Conkling,aconklinghh@washington.edu,Female,371-582-6947,2/22/1980,Assistant
631,Quinta,Tirone,qtironehi@mapy.cz,Female,251-307-8270,3/15/1993,Doctor
632,Kathi,Cresser,kcresserhj@pbs.org,Female,457-114-4046,1/30/1964,Doctor
633,Stanislaus,Dimic,sdimichk@ted.com,Male,255-649-6879,11/01/1971,Assistant
634,Roger,Halt,rhalthl@theatlantic.com,Male,396-338-5071,12/09/1970,Patient
635,Amble,Oakhill,aoakhillhm@dion.ne.jp,Male,892-568-5748,10/25/1983,Assistant
636,Eberto,Keunemann,ekeunemannhn@wired.com,Male,867-785-3191,7/27/1977,Assistant
637,Fay,Quinnell,fquinnellho@theguardian.com,Female,976-755-9672,9/16/1962,Assistant
638,Derrik,Gasnell,dgasnellhp@nifty.com,Male,612-284-2212,5/20/1967,Doctor
639,Ilise,Garthland,igarthlandhq@yelp.com,Female,136-463-0936,11/16/1977,Doctor
640,Gloriana,Wyleman,gwylemanhr@wikispaces.com,Female,310-364-3148,8/20/1978,Assistant
641,Arden,Shervil,ashervilhs@psu.edu,Female,756-843-5942,1/24/1998,Assistant
642,Abram,Turk,aturkht@wisc.edu,Male,276-327-9202,04/06/1985,Patient
643,Griff,Drinan,gdrinanhu@alibaba.com,Male,777-619-7899,5/17/1981,Patient
644,Loleta,Gratrex,lgratrexhv@nyu.edu,Female,177-662-4405,1/21/1980,Patient
645,Jordana,Itzkovich,jitzkovichhw@theglobeandmail.com,Female,954-586-2019,12/18/1985,Patient
646,Bonnibelle,Andrysiak,bandrysiakhx@t-online.de,Female,381-648-4268,12/23/1976,Doctor
647,Leone,Thorneley,lthorneleyhy@soup.io,Female,377-209-6364,2/16/1962,Doctor
648,Kayley,Foxley,kfoxleyhz@disqus.com,Female,473-908-3299,8/14/1987,Assistant
649,Jarvis,Aronovich,jaronovichi0@cyberchimps.com,Male,762-202-6180,1/13/1982,Assistant
650,Valentino,Darree,vdarreei1@dailymail.co.uk,Male,202-138-7315,9/28/1972,Patient
651,Fawne,Kapelhof,fkapelhofi2@admin.ch,Female,650-672-2772,7/16/1992,Doctor
652,Eli,Elham,eelhami3@imdb.com,Male,142-172-9170,11/15/1961,Doctor
653,Hali,Whaley,hwhaleyi4@4shared.com,Female,482-346-1763,10/01/1978,Patient
654,Beltran,Edwards,bedwardsi5@yahoo.co.jp,Male,944-696-4521,09/05/1976,Assistant
655,Milicent,Koenen,mkoeneni6@exblog.jp,Female,591-986-3793,11/28/1975,Assistant
656,Annette,Capini,acapinii7@privacy.gov.au,Female,498-191-8071,5/29/1994,Doctor
657,Seward,Abrahart,sabraharti8@paginegialle.it,Male,127-296-2474,01/11/1997,Patient
658,Jeffrey,Albasini,jalbasinii9@hexun.com,Male,111-483-2199,03/06/1977,Assistant
659,Wittie,Smewings,wsmewingsia@kickstarter.com,Male,470-350-5709,10/03/1973,Doctor
660,Bernadina,Vaughton,bvaughtonib@wp.com,Female,433-564-5999,9/20/1994,Doctor
661,Maurits,Laird-Craig,mlairdcraigic@tripadvisor.com,Male,807-453-0385,3/15/1970,Assistant
662,Kissiah,Vreede,kvreedeid@skype.com,Female,257-392-9274,1/17/1988,Assistant
663,Felice,Titman,ftitmanie@msu.edu,Male,913-405-8303,03/07/1991,Patient
664,Ursuline,Linkie,ulinkieif@reverbnation.com,Female,325-169-2429,10/26/1983,Assistant
665,Reilly,McCaskell,rmccaskellig@oakley.com,Male,147-912-2697,10/10/1962,Patient
666,Cly,Jennions,cjennionsih@com.com,Male,282-194-0883,11/04/1964,Doctor
667,Talia,Quilter,tquilterii@thetimes.co.uk,Female,926-305-9944,9/28/1998,Patient
668,Tani,Wilfling,twilflingij@canalblog.com,Female,738-441-8681,9/21/1994,Patient
669,Mayne,Dell'Abbate,mdellabbateik@booking.com,Male,888-941-0588,03/08/1964,Doctor
670,Hieronymus,Barthel,hbarthelil@imgur.com,Male,209-230-9551,3/25/1970,Assistant
671,Saxon,Mammatt,smammattim@com.com,Male,665-502-6592,9/14/1974,Patient
672,Devon,Symonds,dsymondsin@berkeley.edu,Female,285-488-4517,08/06/1967,Patient
673,Alaric,Preto,apretoio@yahoo.com,Male,158-344-3040,09/10/1994,Patient
674,Hillery,O Sullivan,hosullivanip@craigslist.org,Male,726-687-0267,7/26/1990,Doctor
675,Aurel,Donner,adonneriq@springer.com,Female,719-308-5460,09/10/1974,Doctor
676,Sullivan,Askew,saskewir@ameblo.jp,Male,378-922-6340,4/17/1971,Doctor
677,Niko,Ridley,nridleyis@google.co.uk,Male,718-933-7012,1/25/1964,Patient
678,Genevra,Lumbley,glumbleyit@de.vu,Female,829-322-9336,04/05/1989,Patient
679,Hans,Sheryne,hsheryneiu@admin.ch,Male,801-695-9698,04/11/1991,Doctor
680,Edlin,Westcarr,ewestcarriv@ed.gov,Male,563-610-2322,7/26/1997,Assistant
681,Creight,Enrico,cenricoiw@a8.net,Male,465-975-2246,01/10/1963,Assistant
682,Lorna,Winfrey,lwinfreyix@gravatar.com,Female,216-621-2920,11/07/1978,Doctor
683,Rosie,Facer,rfaceriy@bbb.org,Female,282-163-5659,6/13/1967,Assistant
684,Tabbatha,Kelley,tkelleyiz@taobao.com,Female,154-420-9378,2/17/1992,Patient
685,Tommie,Daysh,tdayshj0@answers.com,Male,825-761-1797,9/14/1968,Assistant
686,Lucine,Tulloch,ltullochj1@walmart.com,Female,503-858-3568,10/17/1987,Patient
687,Mirna,Ayers,mayersj2@nature.com,Female,152-702-9825,1/22/2000,Doctor
688,Edyth,Liley,elileyj3@uol.com.br,Female,838-297-9676,06/01/1963,Doctor
689,Stavro,Cuddehy,scuddehyj4@lycos.com,Male,717-364-6257,5/27/1977,Patient
690,Wallis,Hartopp,whartoppj5@amazon.de,Male,671-777-7171,8/19/1992,Doctor
691,Laurie,Shilladay,lshilladayj6@squarespace.com,Male,959-213-8591,10/05/1979,Assistant
692,Ilyse,Le Teve,iletevej7@umn.edu,Female,958-203-3217,12/27/1999,Assistant
693,Grant,Bauldrey,gbauldreyj8@cyberchimps.com,Male,943-722-2341,5/15/1995,Assistant
694,Zared,Hemstead,zhemsteadj9@mashable.com,Male,406-543-2808,12/20/1998,Patient
695,Laverne,Muglestone,lmuglestoneja@sakura.ne.jp,Female,967-567-8715,11/06/1969,Assistant
696,Meg,Pellew,mpellewjb@opensource.org,Female,942-311-9187,6/14/1993,Doctor
697,Sallyanne,Mackriell,smackrielljc@plala.or.jp,Female,198-295-6367,02/11/1992,Assistant
698,Cyb,Hegg,cheggjd@princeton.edu,Female,859-104-0605,4/27/1964,Assistant
699,Pierre,Ilchuk,pilchukje@drupal.org,Male,452-734-9345,05/05/1997,Doctor
700,Revkah,Cavalier,rcavalierjf@mapy.cz,Female,972-699-9210,04/10/1983,Doctor
701,Murdoch,Veal,mvealjg@dmoz.org,Male,534-472-6574,12/10/1976,Assistant
702,Kain,Stedson,kstedsonjh@dmoz.org,Male,813-494-9605,10/11/1962,Assistant
703,Doug,Trehearn,dtrehearnji@examiner.com,Male,862-185-0180,8/29/1972,Doctor
704,Irina,Ketley,iketleyjj@usatoday.com,Female,426-693-9070,5/29/1990,Doctor
705,Ezmeralda,Bennedsen,ebennedsenjk@netvibes.com,Female,633-527-2263,04/02/1973,Assistant
706,Farrand,Rabb,frabbjl@csmonitor.com,Female,587-897-7934,08/07/1984,Assistant
707,Rik,Brandes,rbrandesjm@marriott.com,Male,847-302-6811,3/28/1968,Doctor
708,Andrei,Pontin,apontinjn@disqus.com,Female,504-993-2328,9/30/1999,Doctor
709,Waylon,Beaumont,wbeaumontjo@cocolog-nifty.com,Male,982-258-4834,4/23/1965,Doctor
710,Odell,Lead,oleadjp@yandex.ru,Male,480-738-2681,2/28/1966,Patient
711,Millicent,Bendix,mbendixjq@yelp.com,Female,584-815-3037,4/24/1984,Doctor
712,Christen,Antic,canticjr@nba.com,Female,166-974-7380,09/06/1979,Patient
713,Siouxie,Titmuss,stitmussjs@yelp.com,Female,581-118-5303,4/21/1986,Doctor
714,Dale,Binnes,dbinnesjt@guardian.co.uk,Male,879-563-5248,02/03/1976,Assistant
715,Eberto,McLellan,emclellanju@unicef.org,Male,469-826-2077,10/29/1990,Doctor
716,Timofei,Bolles,tbollesjv@aboutads.info,Male,552-864-1438,05/07/1977,Assistant
717,Antonie,MacCombe,amaccombejw@alexa.com,Female,783-272-3424,4/29/1962,Doctor
718,Shanna,FitzGeorge,sfitzgeorgejx@rakuten.co.jp,Female,943-182-8372,7/13/1979,Patient
719,Lotti,Jandera,ljanderajy@intel.com,Female,103-418-2843,1/18/1975,Doctor
720,Kiley,Tocher,ktocherjz@theglobeandmail.com,Male,302-736-4353,1/17/1962,Assistant
721,Barthel,Saturley,bsaturleyk0@hao123.com,Male,555-593-9260,6/19/1987,Doctor
722,Ambrose,Ellerington,aelleringtonk1@ow.ly,Male,946-296-0673,10/07/1995,Patient
723,Raul,Ackroyd,rackroydk2@surveymonkey.com,Male,378-693-7369,6/21/1982,Doctor
724,Spense,Rowsell,srowsellk3@admin.ch,Male,419-409-9585,10/15/1990,Assistant
725,Scotti,Alker,salkerk4@addthis.com,Male,559-779-8208,8/28/1964,Doctor
726,Hayes,Beeckx,hbeeckxk5@cloudflare.com,Male,800-805-0498,12/29/1973,Patient
727,Lowell,Pelman,lpelmank6@mapy.cz,Male,879-582-4234,11/17/1995,Doctor
728,Thaine,Obey,tobeyk7@indiatimes.com,Male,854-666-4392,08/04/1961,Doctor
729,Guthrey,Fysh,gfyshk8@desdev.cn,Male,505-130-5508,05/12/1989,Assistant
730,Faye,Armsby,farmsbyk9@google.com,Female,476-626-8250,03/06/1974,Patient
731,Konstance,Heymes,kheymeska@netlog.com,Female,612-539-4600,04/04/1973,Patient
732,Maude,Cote,mcotekb@youtu.be,Female,124-180-9754,9/14/1990,Doctor
733,Annissa,Masedon,amasedonkc@purevolume.com,Female,869-238-5584,7/29/1993,Patient
734,Veronike,Rennicks,vrennickskd@360.cn,Female,971-523-5441,04/04/1992,Assistant
735,Cristin,Shapcott,cshapcottke@state.tx.us,Female,716-926-3159,07/12/1964,Patient
736,Liva,Scoles,lscoleskf@fotki.com,Female,352-822-3653,1/31/1967,Doctor
737,Charlot,Cockrill,ccockrillkg@ca.gov,Female,551-965-5448,1/18/1988,Doctor
738,Lianna,Wadworth,lwadworthkh@cornell.edu,Female,604-103-9301,01/06/1973,Patient
739,Griff,Worsham,gworshamki@upenn.edu,Male,802-197-4164,10/12/1995,Assistant
740,Sly,Elflain,selflainkj@un.org,Male,397-828-3992,12/17/1993,Assistant
741,Shurlocke,Timothy,stimothykk@cbslocal.com,Male,889-631-9461,2/19/2000,Patient
742,Verge,Allsop,vallsopkl@indiatimes.com,Male,531-961-6825,3/28/1986,Assistant
743,Camey,Beaston,cbeastonkm@delicious.com,Male,183-923-4792,3/25/1976,Patient
744,Reina,Gilbanks,rgilbankskn@forbes.com,Female,509-605-6839,6/14/1994,Patient
745,Clarance,Ledwidge,cledwidgeko@mashable.com,Male,816-446-8291,03/06/1963,Patient
746,Bunnie,Rawling,brawlingkp@bizjournals.com,Female,517-385-8452,10/30/1989,Patient
747,Carolin,Cuddy,ccuddykq@sciencedaily.com,Female,277-953-1394,08/11/1982,Assistant
748,Brooke,Cornfoot,bcornfootkr@msu.edu,Male,450-905-8771,09/04/1990,Assistant
749,Clarisse,McRannell,cmcrannellks@msu.edu,Female,903-275-3158,03/11/1987,Assistant
750,Lemmie,Tytherton,ltythertonkt@istockphoto.com,Male,241-622-8757,02/03/1961,Patient
751,Emmott,Loade,eloadeku@archive.org,Male,954-632-8886,5/18/1987,Doctor
752,Babara,Munsey,bmunseykv@ezinearticles.com,Female,137-199-8484,7/25/1999,Patient
753,Sayres,Essel,sesselkw@adobe.com,Male,547-624-9563,9/14/1985,Assistant
754,Agnese,Barbrook,abarbrookkx@jugem.jp,Female,694-573-1902,09/02/1981,Assistant
755,Ezechiel,Grewes,egrewesky@chronoengine.com,Male,729-238-8225,10/06/1988,Assistant
756,Bette,Marcussen,bmarcussenkz@intel.com,Female,983-395-2724,09/07/1981,Patient
757,Lancelot,Murfill,lmurfilll0@buzzfeed.com,Male,627-458-9416,11/12/1993,Patient
758,Rochella,Males,rmalesl1@example.com,Female,488-584-4149,3/13/1985,Patient
759,Courtnay,Cannam,ccannaml2@deviantart.com,Male,787-833-4909,8/25/1993,Patient
760,Dickie,Puddan,dpuddanl3@soundcloud.com,Male,896-244-2858,03/10/1998,Assistant
761,Chrotoem,Atwood,catwoodl4@sfgate.com,Male,611-494-2029,01/09/1983,Assistant
762,Maryellen,Oakeby,moakebyl5@youtu.be,Female,295-396-9449,8/31/1996,Assistant
763,Emmalee,Budden,ebuddenl6@usnews.com,Female,504-451-1986,9/28/1963,Patient
764,Hermia,Messer,hmesserl7@pagesperso-orange.fr,Female,362-198-2649,11/21/1974,Doctor
765,Daveen,Gally,dgallyl8@ehow.com,Female,629-849-5645,7/15/1998,Doctor
766,Bonita,Probey,bprobeyl9@nyu.edu,Female,153-317-1770,9/26/1962,Doctor
767,Kristin,Elsay,kelsayla@google.de,Female,213-427-2171,04/09/1995,Assistant
768,Myra,Deackes,mdeackeslb@t.co,Female,204-781-4678,04/05/1973,Doctor
769,Giralda,Sinden,gsindenlc@dailymail.co.uk,Female,596-461-0030,8/25/1965,Patient
770,Shurwood,Mowson,smowsonld@tmall.com,Male,634-814-8346,12/16/1965,Doctor
771,Julieta,Fenimore,jfenimorele@mashable.com,Female,549-535-4232,06/06/1991,Doctor
772,Thedric,Whiteside,twhitesidelf@tmall.com,Male,575-441-2174,09/09/1996,Assistant
773,Orran,Daft,odaftlg@mayoclinic.com,Male,710-844-8748,1/20/1993,Patient
774,Daron,Stoven,dstovenlh@unicef.org,Female,562-312-9126,7/13/1963,Doctor
775,Nowell,Mulhill,nmulhillli@mail.ru,Male,191-549-9385,10/24/1992,Assistant
776,Tiphani,Chewter,tchewterlj@noaa.gov,Female,614-127-6811,7/17/1999,Doctor
777,Gordie,Lambourn,glambournlk@facebook.com,Male,841-771-5511,1/16/1966,Assistant
778,Pepe,Havile,phavilell@weebly.com,Male,316-730-8424,12/24/1975,Doctor
779,Nedda,Whiteman,nwhitemanlm@naver.com,Female,195-835-5100,02/02/1977,Doctor
780,Kermit,Mattielli,kmattielliln@elpais.com,Male,544-527-1738,6/19/1999,Assistant
781,Lurleen,Devanney,ldevanneylo@squidoo.com,Female,445-808-0352,10/29/1964,Doctor
782,Gabby,Cretney,gcretneylp@lulu.com,Male,585-596-8337,12/13/1964,Doctor
783,Gwyn,Croll,gcrolllq@live.com,Female,492-596-4751,02/03/1969,Patient
784,Gaelan,De Blase,gdeblaselr@sogou.com,Male,730-298-8644,12/31/1983,Doctor
785,Stevie,Vasnev,svasnevls@xrea.com,Male,348-265-6895,2/22/1995,Assistant
786,Carly,Van Oord,cvanoordlt@macromedia.com,Male,273-692-7603,10/20/1985,Assistant
787,Lemar,Djokovic,ldjokoviclu@ameblo.jp,Male,967-940-1704,04/08/1968,Doctor
788,Ailis,Rzehorz,arzehorzlv@sfgate.com,Female,447-251-8583,10/07/1992,Assistant
789,Erena,Cutress,ecutresslw@marriott.com,Female,982-827-8542,6/27/1962,Doctor
790,Frasier,Cicchitello,fcicchitellolx@chronoengine.com,Male,562-910-7050,5/28/1971,Patient
791,Del,Wilsdon,dwilsdonly@mysql.com,Female,525-649-2704,11/26/1978,Assistant
792,Kylila,Daniels,kdanielslz@goo.gl,Female,835-190-7192,7/21/1991,Assistant
793,Marilin,Baffin,mbaffinm0@jugem.jp,Female,182-143-7048,6/20/1990,Assistant
794,Edouard,Hobble,ehobblem1@usnews.com,Male,190-566-2151,12/26/1982,Patient
795,Rania,Gagg,rgaggm2@feedburner.com,Female,189-602-8773,9/26/1968,Assistant
796,Ware,Brydone,wbrydonem3@tiny.cc,Male,548-411-3224,07/06/1986,Doctor
797,Minnnie,Branston,mbranstonm4@creativecommons.org,Female,924-650-5772,09/02/1998,Assistant
798,Querida,Egre,qegrem5@squidoo.com,Female,690-516-7881,9/14/1993,Patient
799,Lowe,Kundt,lkundtm6@unesco.org,Male,802-455-9970,4/23/1976,Assistant
800,Leia,Charlewood,lcharlewoodm7@patch.com,Female,197-537-6748,11/25/1970,Patient
801,Blake,Ripsher,bripsherm8@mac.com,Male,653-703-5901,3/30/1984,Doctor
802,Heindrick,Shellibeer,hshellibeerm9@wikispaces.com,Male,551-699-8506,8/18/1974,Assistant
803,Vally,Veness,vvenessma@dagondesign.com,Female,801-920-7528,2/18/1967,Assistant
804,Edin,Lydiard,elydiardmb@techcrunch.com,Female,964-892-5935,9/18/1967,Patient
805,Inigo,Godspede,igodspedemc@discovery.com,Male,103-135-6395,5/18/1985,Patient
806,Ber,Eitter,beittermd@chron.com,Male,138-876-0007,05/07/1993,Assistant
807,Joyce,Stuck,jstuckme@fema.gov,Female,306-734-2908,6/28/1990,Patient
808,Danila,Wallbank,dwallbankmf@twitter.com,Female,211-373-7184,04/12/1968,Assistant
809,Joan,Seligson,jseligsonmg@usnews.com,Female,102-176-3178,11/10/1981,Assistant
810,Rance,Woolis,rwoolismh@google.com.br,Male,158-817-4667,8/29/1973,Assistant
811,Miguelita,Palk,mpalkmi@g.co,Female,886-101-5038,12/07/1970,Assistant
812,Bellina,Iannuzzi,biannuzzimj@jigsy.com,Female,692-237-4176,5/28/1977,Patient
813,Lewiss,Paur,lpaurmk@quantcast.com,Male,422-532-1628,8/19/1993,Doctor
814,Danyette,Dowsing,ddowsingml@seattletimes.com,Female,730-735-7886,05/06/1980,Assistant
815,Betty,Bapty,bbaptymm@chron.com,Female,679-616-2992,3/13/1990,Patient
816,Mechelle,Amiranda,mamirandamn@nytimes.com,Female,578-161-5227,2/20/1987,Doctor
817,Gustave,MacSwayde,gmacswaydemo@salon.com,Male,449-975-9717,7/14/1984,Patient
818,Boy,Gledstane,bgledstanemp@uiuc.edu,Male,759-716-1788,7/24/1975,Patient
819,Judah,Janney,jjanneymq@pinterest.com,Male,254-533-0675,08/10/1969,Patient
820,Karena,Frenzl,kfrenzlmr@marketwatch.com,Female,626-119-7910,1/27/1976,Patient
821,Marji,Runnicles,mrunniclesms@php.net,Female,719-139-5119,11/11/1971,Assistant
822,Olivero,Mariaud,omariaudmt@usatoday.com,Male,386-136-2034,08/04/1990,Assistant
823,Merline,Leyshon,mleyshonmu@shinystat.com,Female,847-824-6287,3/25/1963,Assistant
824,Eimile,Hollingsby,ehollingsbymv@mapquest.com,Female,602-428-5176,7/15/1999,Assistant
825,Gare,McClay,gmcclaymw@cyberchimps.com,Male,922-258-4455,09/01/1993,Assistant
826,Kimball,Quillinane,kquillinanemx@twitter.com,Male,767-462-4703,12/15/1975,Patient
827,Tricia,Bulman,tbulmanmy@nyu.edu,Female,953-366-9191,12/07/1972,Assistant
828,Dael,Zywicki,dzywickimz@cbslocal.com,Male,292-631-4938,02/03/1989,Patient
829,Nial,Anstee,nansteen0@goodreads.com,Male,537-539-6039,10/20/1967,Patient
830,Sanson,Gyves,sgyvesn1@wp.com,Male,361-255-0432,06/03/1978,Assistant
831,Robinetta,Bramley,rbramleyn2@salon.com,Female,638-356-0444,1/19/1990,Doctor
832,Lynnette,Aikman,laikmann3@google.com.br,Female,872-965-6644,12/25/1968,Patient
833,Donavon,Larderot,dlarderotn4@toplist.cz,Male,780-549-7530,10/17/1985,Assistant
834,Elbert,Behrend,ebehrendn5@rambler.ru,Male,669-225-6881,05/06/1995,Patient
835,Kenny,Kinver,kkinvern6@hao123.com,Male,701-737-3213,08/02/1972,Assistant
836,Chuck,Marchello,cmarchellon7@163.com,Male,180-171-2871,2/14/1962,Assistant
837,Byrle,Mallinson,bmallinsonn8@gizmodo.com,Male,571-903-8114,12/24/1985,Assistant
838,Patsy,Perceval,ppercevaln9@macromedia.com,Female,887-839-3858,02/11/1968,Doctor
839,Ava,Bills,abillsna@barnesandnoble.com,Female,956-791-8424,11/26/1999,Doctor
840,Rik,Koppen,rkoppennb@slideshare.net,Male,234-277-2019,9/29/1979,Doctor
841,Prince,Margrem,pmargremnc@google.co.jp,Male,764-472-3710,4/24/1995,Patient
842,Ralina,Irnis,rirnisnd@canalblog.com,Female,756-123-3309,04/06/1999,Doctor
843,Laurie,Feakins,lfeakinsne@who.int,Female,713-856-2820,4/25/1967,Patient
844,Mayne,McLese,mmclesenf@360.cn,Male,325-602-8625,3/26/1984,Doctor
845,Charissa,Rainy,crainyng@acquirethisname.com,Female,229-721-2599,10/28/1991,Doctor
846,Viviyan,Dykas,vdykasnh@intel.com,Female,292-501-4215,9/16/1991,Patient
847,Arnold,Hrihorovich,ahrihorovichni@aboutads.info,Male,821-646-2764,06/01/1962,Assistant
848,Morgan,Madgin,mmadginnj@buzzfeed.com,Male,554-326-7040,07/06/1995,Assistant
849,Mile,Clibbery,mclibberynk@house.gov,Male,177-421-4914,6/22/1969,Doctor
850,Nonnah,Ablitt,nablittnl@wikispaces.com,Female,773-964-1649,11/21/1990,Patient
851,Wyatt,Jodlowski,wjodlowskinm@aboutads.info,Male,701-233-9908,04/06/1977,Patient
852,Mersey,Setterington,msetteringtonnn@prnewswire.com,Female,309-558-5071,08/05/1982,Assistant
853,Ninnette,Jeratt,njerattno@home.pl,Female,685-467-4972,7/26/1997,Doctor
854,Jessica,Karpol,jkarpolnp@gmpg.org,Female,779-750-1697,8/13/1990,Doctor
855,Anton,Binnall,abinnallnq@dell.com,Male,618-744-3902,4/14/1981,Doctor
856,Dorice,Petrik,dpetriknr@twitter.com,Female,599-365-3034,07/01/1983,Assistant
857,Giselle,Letch,gletchns@hexun.com,Female,270-127-2433,8/28/1965,Doctor
858,Gerhardt,Brear,gbrearnt@nyu.edu,Male,360-939-1526,3/14/1998,Patient
859,Sonia,Pirson,spirsonnu@nydailynews.com,Female,625-371-9971,11/25/1977,Doctor
860,Elaina,Paler,epalernv@wordpress.org,Female,341-401-9140,1/29/1977,Patient
861,Hana,Spykins,hspykinsnw@army.mil,Female,472-516-1143,5/19/1971,Assistant
862,Omero,Cordner,ocordnernx@wix.com,Male,469-377-9558,04/09/1963,Patient
863,Rufe,Jansa,rjansany@example.com,Male,248-487-9072,7/23/1966,Doctor
864,Ethelind,Gethen,egethennz@cpanel.net,Female,426-473-0111,12/30/1968,Assistant
865,Emmie,Durtnal,edurtnalo0@google.cn,Female,850-596-3715,8/16/1965,Doctor
866,Ramon,Muskett,rmusketto1@imdb.com,Male,787-867-2172,11/26/1988,Assistant
867,Rosana,Ferrucci,rferruccio2@miitbeian.gov.cn,Female,422-186-8989,7/20/1985,Patient
868,Rivkah,Trout,rtrouto3@com.com,Female,478-878-5185,05/10/1966,Doctor
869,Neill,Winchcomb,nwinchcombo4@ameblo.jp,Male,886-944-1245,12/22/1963,Assistant
870,Rafaello,Janaway,rjanawayo5@scientificamerican.com,Male,856-443-8654,6/29/1987,Assistant
871,Gay,Cerith,gceritho6@wikia.com,Female,947-265-6931,07/02/1994,Assistant
872,Yolanda,Pavluk,ypavluko7@ucoz.ru,Female,892-451-3905,9/13/1962,Doctor
873,Lebbie,Banner,lbannero8@arstechnica.com,Female,984-539-1892,6/26/1997,Patient
874,Connor,Ward,cwardo9@illinois.edu,Male,198-926-2747,09/11/1993,Patient
875,Haslett,Casarini,hcasarinioa@etsy.com,Male,242-978-9894,3/23/1974,Doctor
876,Allin,Braddon,abraddonob@phoca.cz,Male,932-670-3096,08/12/1965,Assistant
877,Welch,Kellog,wkellogoc@webmd.com,Male,658-577-0666,08/11/1998,Patient
878,Rowe,Ilden,rildenod@icq.com,Female,901-295-7622,9/23/1983,Doctor
879,Colly,Paszek,cpaszekoe@example.com,Female,646-766-7549,03/01/1991,Assistant
880,Susannah,Neilson,sneilsonof@merriam-webster.com,Female,874-921-7550,2/18/1982,Doctor
881,Seline,De Gouy,sdegouyog@nymag.com,Female,522-212-5827,8/23/1968,Patient
882,Ertha,Gannaway,egannawayoh@wikimedia.org,Female,986-377-4809,12/24/1971,Doctor
883,Sheelagh,Camidge,scamidgeoi@de.vu,Female,597-857-4978,12/18/1987,Assistant
884,Karel,Gwinnel,kgwinneloj@uol.com.br,Female,468-823-0050,04/08/1971,Doctor
885,Cly,Cressingham,ccressinghamok@disqus.com,Male,191-285-4380,11/16/1988,Doctor
886,Deane,Went,dwentol@foxnews.com,Female,480-849-0980,09/09/1986,Doctor
887,Nickie,Tullot,ntullotom@walmart.com,Male,298-743-4668,01/09/1972,Doctor
888,Tilly,Bagwell,tbagwellon@nps.gov,Female,344-476-6838,2/25/1963,Patient
889,Locke,Deshorts,ldeshortsoo@plala.or.jp,Male,814-793-7474,05/06/1979,Patient
890,Hermann,Adie,hadieop@senate.gov,Male,958-421-5119,1/30/1989,Patient
891,Whitby,Andrault,wandraultoq@paginegialle.it,Male,201-950-6856,9/28/1971,Patient
892,Kara-lynn,Frango,kfrangoor@nydailynews.com,Female,539-741-4533,7/28/1975,Patient
893,Arabelle,Beentjes,abeentjesos@howstuffworks.com,Female,611-966-5897,11/09/2000,Assistant
894,Jacquelyn,Callaby,jcallabyot@mac.com,Female,442-103-2475,4/25/1982,Patient
895,Klemens,Dolder,kdolderou@google.nl,Male,120-826-6949,03/12/1983,Doctor
896,Gayleen,Cufley,gcufleyov@cloudflare.com,Female,629-943-0183,10/31/1990,Doctor
897,Rawley,Goom,rgoomow@devhub.com,Male,456-873-5903,08/12/1987,Assistant
898,Shannen,Crathern,scrathernox@plala.or.jp,Female,565-896-7229,12/04/1968,Patient
899,Arny,Tripon,atriponoy@cocolog-nifty.com,Male,113-595-0501,08/10/1977,Patient
900,Ansley,Kupec,akupecoz@mlb.com,Female,477-820-6380,12/01/1980,Assistant
901,Rikki,Cuffe,rcuffep0@netlog.com,Female,515-347-5474,11/28/1991,Assistant
902,Randie,Lacaze,rlacazep1@amazon.co.jp,Male,381-252-3378,06/03/1988,Patient
903,Heindrick,Stockford,hstockfordp2@ifeng.com,Male,124-667-9923,11/23/1973,Patient
904,Marlow,Fewings,mfewingsp3@weebly.com,Male,911-163-9495,11/27/1994,Assistant
905,Adham,Woodall,awoodallp4@360.cn,Male,942-825-4226,06/12/1986,Patient
906,Coraline,Eby,cebyp5@sitemeter.com,Female,722-936-9457,11/09/1973,Doctor
907,Conan,Simoens,csimoensp6@domainmarket.com,Male,900-294-4206,7/16/1968,Assistant
908,Jojo,Banger,jbangerp7@narod.ru,Female,779-714-4596,02/12/1993,Doctor
909,Rufe,Dunford,rdunfordp8@simplemachines.org,Male,636-176-9868,9/18/1968,Assistant
910,Tomkin,Pouton,tpoutonp9@walmart.com,Male,176-104-5959,03/09/1970,Doctor
911,Jan,Malafe,jmalafepa@posterous.com,Male,984-436-0653,2/20/1985,Doctor
912,Esme,Cockney,ecockneypb@soundcloud.com,Female,910-420-7401,11/17/1999,Assistant
913,Silvain,McGougan,smcgouganpc@tumblr.com,Male,446-535-0210,09/10/1996,Assistant
914,Harrie,Stepney,hstepneypd@wikimedia.org,Female,617-580-9164,01/09/1961,Patient
915,Selie,Kloser,skloserpe@guardian.co.uk,Female,768-889-8215,11/06/1963,Patient
916,Shaylah,Alvarez,salvarezpf@ovh.net,Female,997-362-6385,9/13/1968,Patient
917,Jo-ann,Gullan,jgullanpg@reference.com,Female,556-759-0306,08/05/1984,Doctor
918,Isa,McGirr,imcgirrph@yolasite.com,Female,468-793-1399,10/19/1987,Doctor
919,Alexandro,Cancelier,acancelierpi@unc.edu,Male,564-103-6046,9/15/1984,Patient
920,Anthia,Unger,aungerpj@howstuffworks.com,Female,958-448-0535,05/02/1973,Doctor
921,Meredith,Huckett,mhuckettpk@blinklist.com,Male,404-185-8850,4/27/1969,Patient
922,Alphonse,Lapenna,alapennapl@ibm.com,Male,402-456-3635,1/16/1971,Assistant
923,Carr,Ayers,cayerspm@cnbc.com,Male,246-385-9199,07/05/1981,Assistant
924,Cameron,Verrell,cverrellpn@indiegogo.com,Male,630-474-8808,1/23/2000,Doctor
925,Letizia,Hedgecock,lhedgecockpo@google.de,Female,624-204-9678,06/09/1996,Assistant
926,Eli,Di Giacomo,edigiacomopp@howstuffworks.com,Male,510-373-6498,3/28/2000,Patient
927,Mandie,Maunsell,mmaunsellpq@bizjournals.com,Female,192-233-8534,3/25/1995,Patient
928,Homere,Broughton,hbroughtonpr@twitter.com,Male,710-122-4855,01/11/1986,Patient
929,Erhard,Marxsen,emarxsenps@ovh.net,Male,731-688-2829,08/11/1962,Doctor
930,Gardie,Jolley,gjolleypt@xinhuanet.com,Male,217-139-9377,1/17/1995,Patient
931,Andrea,Partrick,apartrickpu@mysql.com,Male,817-432-4993,08/05/1980,Assistant
932,Devonna,Snasdell,dsnasdellpv@npr.org,Female,492-409-1018,7/19/1997,Doctor
933,Jimmie,Lambird,jlambirdpw@studiopress.com,Male,193-177-5857,10/29/2000,Assistant
934,Clea,MacConnell,cmacconnellpx@livejournal.com,Female,765-109-2709,5/26/1973,Assistant
935,Keefe,Iredale,kiredalepy@house.gov,Male,570-308-2988,11/02/1976,Assistant
936,Min,Fevers,mfeverspz@woothemes.com,Female,572-255-1581,4/22/1989,Assistant
937,Susanna,Bendixen,sbendixenq0@shareasale.com,Female,482-335-3004,7/15/1985,Doctor
938,Selia,Corden,scordenq1@mtv.com,Female,204-534-2095,11/22/1996,Assistant
939,Trev,McLeoid,tmcleoidq2@adobe.com,Male,330-346-5362,05/05/1999,Doctor
940,Agathe,Reekie,areekieq3@berkeley.edu,Female,517-491-0832,1/21/1977,Patient
941,Jacky,Brewers,jbrewersq4@statcounter.com,Male,851-101-2308,1/13/1966,Doctor
942,Robinet,Fieldhouse,rfieldhouseq5@de.vu,Male,991-985-1345,9/17/1974,Doctor
943,Gilberto,Wyant,gwyantq6@themeforest.net,Male,604-627-9548,2/27/1986,Doctor
944,Kirsten,Toor,ktoorq7@constantcontact.com,Female,389-969-7011,6/21/1978,Doctor
945,Ruddy,Jilliss,rjillissq8@digg.com,Male,563-199-3573,11/28/1966,Doctor
946,Marina,Warboy,mwarboyq9@craigslist.org,Female,536-562-9129,04/11/1968,Assistant
947,Marielle,Richichi,mrichichiqa@latimes.com,Female,229-390-6425,8/25/1974,Doctor
948,Rey,Blinkhorn,rblinkhornqb@abc.net.au,Male,298-438-6298,08/02/1967,Patient
949,Lemmie,Maskrey,lmaskreyqc@is.gd,Male,164-379-7579,2/14/1990,Doctor
950,Ellissa,Kiss,ekissqd@scribd.com,Female,479-182-4914,07/12/1999,Doctor
951,Zorah,Gloy,zgloyqe@amazon.de,Female,340-626-8003,6/29/1975,Patient
952,Melessa,Giffard,mgiffardqf@printfriendly.com,Female,780-136-3437,03/07/1986,Assistant
953,Noble,Hapgood,nhapgoodqg@yahoo.co.jp,Male,292-743-3640,11/11/1962,Doctor
954,Marion,Tal,mtalqh@comcast.net,Male,179-508-8412,9/17/1995,Patient
955,Amos,Sich,asichqi@booking.com,Male,285-703-7606,04/02/1989,Patient
956,Berny,Sorsby,bsorsbyqj@blogspot.com,Male,878-165-9562,3/21/1972,Doctor
957,Yulma,Waleworke,ywaleworkeqk@bbc.co.uk,Male,710-416-7088,9/25/1993,Patient
958,Eirena,Brisseau,ebrisseauql@yale.edu,Female,287-280-9996,05/07/1978,Doctor
959,Reinwald,Simkovitz,rsimkovitzqm@ezinearticles.com,Male,152-798-4805,03/12/1976,Assistant
960,Bobbye,Bartolozzi,bbartolozziqn@netscape.com,Female,748-754-1481,11/10/1966,Patient
961,Sharleen,Gregorio,sgregorioqo@newyorker.com,Female,703-394-4721,5/16/1967,Assistant
962,Costa,Swiffin,cswiffinqp@php.net,Male,414-138-8731,6/15/1967,Doctor
963,Libbi,De Beauchamp,ldebeauchampqq@amazon.com,Female,114-212-6488,05/07/1993,Patient
964,Esra,Killelea,ekilleleaqr@macromedia.com,Male,748-132-3389,11/17/1973,Assistant
965,Gates,Abramovicz,gabramoviczqs@istockphoto.com,Female,492-258-1648,10/09/1986,Patient
966,Joya,Constanza,jconstanzaqt@edublogs.org,Female,131-157-9601,09/02/1980,Assistant
967,Theodora,Daventry,tdaventryqu@ezinearticles.com,Female,664-276-2320,11/19/2000,Patient
968,Rock,Cardoo,rcardooqv@pagesperso-orange.fr,Male,668-856-5245,12/03/1965,Assistant
969,Fern,Keld,fkeldqw@bbc.co.uk,Female,543-376-7986,03/12/1975,Assistant
970,Rhys,Chsteney,rchsteneyqx@google.com.hk,Male,802-770-4329,09/12/1979,Assistant
971,Willette,Dunhill,wdunhillqy@ucla.edu,Female,926-720-8335,1/17/1962,Assistant
972,Yetta,Wudeland,ywudelandqz@facebook.com,Female,228-729-4704,03/03/1999,Doctor
973,Alvie,Sieur,asieurr0@deviantart.com,Male,716-128-7768,11/19/1971,Assistant
974,Sybila,Siaspinski,ssiaspinskir1@cmu.edu,Female,851-320-4927,01/11/1990,Doctor
975,Gui,Simeone,gsimeoner2@hostgator.com,Female,268-615-6854,1/13/1991,Patient
976,Shae,Battin,sbattinr3@issuu.com,Male,440-706-8054,8/27/1975,Doctor
977,Alister,Ogilvie,aogilvier4@newsvine.com,Male,402-790-8376,10/27/1983,Patient
978,Caterina,Heinke,cheinker5@gmpg.org,Female,418-273-2178,6/22/1978,Doctor
979,Drusilla,Poschel,dposchelr6@phpbb.com,Female,361-634-8672,8/13/1963,Doctor
980,Bendix,Tuffs,btuffsr7@netscape.com,Male,364-622-9882,6/24/1979,Assistant
981,Mallory,Haslock(e),mhaslocker8@cisco.com,Male,627-546-1755,03/10/1978,Assistant
982,Basile,Bickford,bbickfordr9@example.com,Male,805-111-3433,10/06/1997,Doctor
983,Elset,Baraja,ebarajara@army.mil,Female,676-274-7938,7/31/1976,Assistant
984,Ignace,Castro,icastrorb@feedburner.com,Male,324-348-7686,08/07/1972,Assistant
985,Vinita,Limerick,vlimerickrc@seesaa.net,Female,430-593-7380,7/27/1994,Assistant
986,Myrna,Crawley,mcrawleyrd@ed.gov,Female,387-863-7022,1/31/1971,Doctor
987,Debora,Hutchason,dhutchasonre@wikispaces.com,Female,202-253-4123,10/24/1964,Doctor
988,Robby,Huggen,rhuggenrf@com.com,Female,390-286-1139,9/23/1987,Assistant
989,Bearnard,Binion,bbinionrg@wordpress.com,Male,709-166-8987,10/30/1978,Assistant
990,Raye,Garaway,rgarawayrh@aol.com,Female,690-312-5779,04/07/1994,Patient
991,Fara,McCullen,fmccullenri@sina.com.cn,Female,934-509-8431,06/08/1987,Doctor
992,Linn,Eddicott,leddicottrj@webmd.com,Male,299-501-7565,07/07/1982,Assistant
993,Stephi,Keets,skeetsrk@gravatar.com,Female,232-660-9057,4/27/1974,Doctor
994,Reynolds,Beuscher,rbeuscherrl@wordpress.org,Male,232-650-0660,10/28/1981,Doctor
995,Sherie,Eisenberg,seisenbergrm@guardian.co.uk,Female,916-205-5646,1/23/1970,Doctor
996,Gabie,Abramovitch,gabramovitchrn@is.gd,Female,287-432-9186,02/06/1978,Doctor
997,Brennen,Tretwell,btretwellro@theglobeandmail.com,Male,625-607-5008,12/23/1988,Assistant
998,Delores,Littler,dlittlerrp@shutterfly.com,Female,768-309-8835,05/01/1991,Doctor
999,Noel,Canizares,ncanizaresrq@mlb.com,Male,489-323-7203,04/06/1967,Doctor
1000,Antonia,Tape,ataperr@ustream.tv,Female,578-321-7644,10/07/2000,Patient
